title,imdbid,imdbscore,imdbvotes,releaseyear
Monty Pythons Flying Circus,tt0063929,8.8,72895,1969
Monty Pythons Fliegender Zirkus,tt0202477,8.1,2144,1972
Seinfeld,tt0098904,8.9,302700,1989
Knight Rider,tt0083437,6.9,33760,1982
Thomas and Friends,tt0086815,6.5,4948,1984
Saved by the Bell,tt0096694,7.1,34854,1989
Wheel of Fortune,tt0072584,6.7,3126,1983
Major Dad,tt0096643,6.4,2866,1989
Fireman Sam,tt0329829,6.1,1759,1987
Danger Mouse,tt0081848,7.4,3514,1981
High Risk,tt0094478,3.8,6,1988
Survivor,tt0239195,7.4,24368,2000
Stargate SG1,tt0118480,8.4,90196,1997
Pokemon,tt0168366,7.6,172,1997
One Piece,tt0388629,8.8,112586,1999
Cowboy Bebop,tt0213338,8.9,112887,1998
Star Trek Deep Space Nine,tt0106145,8.1,61145,1993
The Challenge,tt0176095,7.8,3274,1998
Gilmore Girls,tt0238784,8.2,119054,2000
Neon Genesis Evangelion,tt0112159,8.5,64727,1995
The Magic School Bus,tt0108847,7.8,9708,1994
Power Rangers,tt0106064,6.5,21949,1993
Adventures of Sonic the Hedgehog,tt0222518,6.2,3808,1993
Goosebumps,tt0111987,7.6,13361,1995
YuGiOh,tt4834194,7.2,20888,1998
InuYasha,tt0290223,7.9,15823,2000
Barney and Friends,tt0144701,3.8,9955,1992
Moesha,tt0115275,5.7,3713,1996
Sister Sister,tt0108927,6.2,12535,1994
Cardcaptor Sakura,tt0221735,8,4936,1998
Girlfriends,tt0247102,7.2,4482,2000
The Parkers,tt0200353,6.8,2346,1999
Dales Supermarket Sweep,tt0962853,7.1,39,1993
Oggy and the Cockroaches,tt0213363,7.4,4185,1999
H,tt0173554,7.4,1703,1998
Heartbreak High,tt0108800,7.8,3106,1994
Okupas,tt0289649,9,2326,2000
Breaking Bad,tt0903747,9.5,1727694,2008
The Walking Dead,tt1520211,8.2,945125,2010
The Staircase,tt0388644,7.8,21531,2004
Downton Abbey,tt1606375,8.7,197744,2010
Greys Anatomy,tt0413573,7.6,293618,2005
The Great British Baking Show,tt1877368,8.6,9564,2010
Criminal Minds,tt0452046,8.1,189191,2005
NCIS,tt0364845,7.8,141049,2003
Community,tt1439629,8.5,252564,2009
Heartland,tt1094229,8.4,15743,2007
Supernatural,tt0460681,8.5,428639,2005
Arrested Development,tt0367279,8.7,297552,2003
The IT Crowd,tt0487831,8.5,147409,2006
30 Rock,tt0496424,8.3,121514,2006
Avatar The Last Airbender,tt0417299,9.3,297336,2005
Friday Night Lights,tt0758745,8.7,64449,2006
My Little Pony Friendship Is Magic,tt1751105,7.6,20708,2010
The Fairly OddParents,tt0235918,7.2,38046,2001
Sonic X,tt0367413,6.1,4577,2003
DEATH NOTE,tt0877057,9,302147,2006
The Vampire Diaries,tt1405406,7.7,310776,2009
Naruto,tt0409591,8.4,93980,2002
Americas Next Top Model,tt0391576,5.6,17843,2003
Chappelles Show,tt0353049,8.8,62140,2003
Trailer Park Boys,tt0290988,8.6,41791,2001
Borgen,tt1526318,8.5,23523,2010
iCarly,tt0972534,6.7,38281,2007
Victorious,tt1604099,6.9,24224,2010
Merlin,tt1199099,7.9,80138,2008
Offspring,tt1530541,8.3,4764,2010
Gurren Lagann,tt0948103,8.3,17024,2007
Code Geass Lelouch of the Rebellion,tt0994314,8.7,62367,2006
Transformers Prime,tt1659175,7.9,6500,2010
The Mole,tt0294149,7.6,1104,2001
The 4400,tt0389564,7.3,44971,2004
Still Game,tt0281491,8.9,7539,2002
Midnight Diner,tt1882928,8.6,2110,2009
H2O Just Add Water,tt0491603,7.2,14782,2006
Black Butler,tt1316554,8.3,1856,2008
Octonauts,tt1710177,7.6,1049,2010
Strawberry Shortcake,tt7996132,7,13,2003
Total Drama Island,tt1173427,7.4,10523,2007
Boys Over Flowers,tt1370334,7.9,11579,2009
Winx Club,tt3233214,6.2,6700,2004
Big Time Rush,tt1131746,6.3,12046,2009
Dead Set,tt1285482,7.6,19684,2008
Toradora,tt1279024,8,14307,2008
Shaun the Sheep,tt0983983,8,25,2007
Scare Tactics,tt0339968,6.7,2512,2003
Kath and Kim,tt0272397,8.3,4168,2002
Pocoyo,tt0487849,3.9,93,2005
The Game,tt10020984,6.6,4417,2006
Angel Beats,tt1639109,7.7,13848,2010
Masha and the Bear,tt1884856,7.6,3114,2009
Monty Python Almost the Truth ,tt1422182,8.1,1740,2009
The Legend of Bruce Lee,tt1059455,7,1422,2008
Ouran High School Host Club,tt0816397,8.2,9763,2006
The Ultimatum,tt1682704,5.4,6,2009
Mobile Suit Gundam Unicorn,tt1630623,7.8,1291,2010
Johnny Test,tt15061770,5.1,8172,2005
Code Lyoko,tt0417311,7.3,5109,2003
Iris,tt1399791,7.8,1951,2009
DreamWorks Shreks Swamp Stories,tt6950338,6.5,330,2010
Ben and Hollys Little Kingdom,tt1436544,7.5,1222,2009
The Garfield Show,tt1470837,5.3,2499,2009
Wakfu,tt1807824,8.1,1469,2008
Dinosaur King,tt1524993,5.6,720,2007
Vampire Knight,tt1209393,7.3,5172,2008
Dennoh Coil,tt1033796,7.9,863,2007
Zig and Sharko,tt2046005,6.8,644,2010
One on One,tt0284770,7,2303,2001
The Cartel,tt1260520,8.1,755,2008
The Mafia Dolls,tt1585368,6.6,284,2009
Horrid Henry,tt0985991,6.3,912,2006
Bo on the Go,tt1516172,4.1,118,2007
Einsatzgruppen The Nazi Death Squads,tt6953928,7.6,603,2009
Half and Half,tt0320024,7,1827,2002
Timmy Time,tt1125758,6.9,1083,2009
Vientos de agua,tt0459724,8.7,1034,2006
Oscars Oasis,tt2080922,7.4,572,2010
Trotro,tt1074443,6.2,120,2004
Tayo the Little Bus,tt3270208,5.2,156,2010
Autumns Concerto,tt3530668,7.9,475,2009
DreamWorks Spooky Stories,tt6958564,6.2,19,2009
Behind Enemy Lines,tt5170230,7.2,42,2001
Fated to Love You,tt1483930,7.4,461,2008
Nuevo Rico Nuevo Pobre,tt1233451,7.2,203,2007
Pecados capitales,tt0355119,8.5,190,2002
Chhota Bheem,tt4570986,4.1,822,2008
Monty Pythons Personal Best,tt0795156,7.9,437,2006
El cartel 2  La guerra total,tt1667724,6.8,228,2010
Edge of the Universe,tt6951568,7.2,206,2002
Mighty Raju,tt6491030,4.2,57,2010
The Fierce Wife,tt4304720,6.8,90,2010
The Hospital,tt2823414,7.4,40,2006
Khawatir,tt3062514,9.6,3046,2005
Black and White,tt1508870,7.6,302,2009
The Prince Who Turns into a Frog,tt1454440,6.8,128,2005
Cocaine,tt0907286,7.1,60,2005
Breakout,tt7131684,6.7,7,2010
At Dolphin Bay,tt8612066,6.9,39,2003
My MVP Valentine,tt6286390,6.5,27,2002
Pink Zone,tt11194518,6.1,47,2007
Unriddle,tt12229764,8,25,2010
Cocomong,tt9892608,5.6,11,2008
Call the Midwife,tt1983079,8.5,25562,2012
New Girl,tt1826940,7.7,216209,2011
Black Mirror,tt2085059,8.8,515577,2011
Longmire,tt1836037,8.3,34362,2012
Shameless,tt1586680,8.6,230243,2011
Happy Endings,tt2311579,7.8,37778,2011
Last Tango in Halifax,tt2216156,8.3,6844,2012
Ink Master,tt1865740,7.4,3874,2012
Top Boy,tt1830379,8.4,22420,2011
Hunter x Hunter,tt2098220,9,87857,2011
Arrow,tt2193021,7.5,425716,2012
The Legend of Korra,tt1695360,8.4,117464,2012
Sword Art Online,tt2250192,7.6,43727,2012
The Borgias,tt1582457,7.9,50556,2011
Ninjago Masters of Spinjitzu,tt1871731,7.2,4519,2012
Puella Magi Madoka Magica,tt1773185,8.3,9055,2011
Transformers Rescue Bots,tt2139371,6.4,915,2012
Teen Mom 2,tt1821220,4.5,28,2011
Comedians in Cars Getting Coffee,tt2314952,8,12363,2012
Lilyhammer,tt1958961,7.9,29196,2012
TIGER and BUNNY,tt2061527,7.3,998,2011
Fate and Zero,tt2051178,8.2,12568,2011
Blue Exorcist,tt1799631,7.5,12741,2011
Barbie Life in the Dreamhouse,tt2644032,7.3,1806,2012
anohana The Flower We Saw That Day,tt1913273,8.2,12682,2011
Magi,tt2425098,7.8,3899,2012
Cuckoo,tt2329333,5.9,20,2012
Thermae Romae,tt2230761,6.1,108,2012
My Babysitters a Vampire,tt1727434,6.9,4367,2011
Kurokos Basketball,tt2348803,8.3,8052,2012
Rita,tt1973692,8.1,8718,2012
Wolverine,tt1847521,6.2,1458,2011
LEGO City,tt7530250,5,37,2011
MeatEater,tt2169245,7.5,1462,2012
Outback Truckers,tt5632186,7.4,264,2012
LEGO Friends,tt9148446,7.6,16,2012
La Reina del Sur,tt1704637,8,2445,2011
Pablo Escobar The Drug Lord,tt2187850,8.4,4923,2012
Larva,tt6966158,7.1,582,2011
The Ultimate Braai Master,tt3264864,8.2,31,2012
Minecraft Story Mode,tt10498322,5.5,300,2011
EastSiders,tt2558816,6.8,2723,2012
Smile PreCure,tt2230557,6.1,388,2012
Robocar Poli,tt4763642,5.8,125,2011
Little Baby Bum,tt10051854,6.4,94,2011
The American Bible Challenge,tt2246424,6.4,125,2012
Inside West Coast Customs,tt8358972,7.4,42,2011
Mashas tales,tt3840498,6.4,89,2012
El Reemplazante,tt2488050,8.5,755,2012
Justin Time,tt1759210,6,16,2011
Meet the Adebanjos,tt2344781,7.6,76,2012
The Oath,tt7131686,7.9,9,2011
Inborn Pair,tt6357282,7.1,108,2011
Office Girls,tt4381290,6.9,140,2011
Love Now,tt6273116,7.6,116,2012
Drunken to Love You,tt2661520,6.5,114,2011
Takki,tt6052432,6.5,250,2012
Yours Fatefully,tt7131690,6.8,14,2012
The Glamorous Imperial Concubine,tt2272555,7,142,2011
Outlander,tt3006802,8.4,152435,2014
Peaky Blinders,tt2442560,8.8,485506,2013
Attack on Titan,tt2560140,9,325381,2013
The Blacklist,tt2741602,8,238138,2013
Married at First Sight,tt3868860,6.1,1975,2014
The Flash,tt3107288,7.6,336888,2014
Gotham,tt3749900,7.8,226081,2014
Are You The One,tt3484274,6.5,2450,2014
The 100,tt2661044,7.6,242221,2014
How to Get Away with Murder,tt3205802,8.1,146712,2014
Reign,tt2710394,7.5,47751,2013
BoJack Horseman,tt3398228,8.8,143584,2014
House of Cards,tt1856010,8.7,494092,2013
Henry Danger,tt3596174,5.6,5245,2014
Orange Is the New Black,tt2372162,8.1,295591,2013
The Originals,tt2632424,8.3,131574,2013
Jane the Virgin,tt3566726,7.8,46286,2014
Marco Polo,tt2189461,8,71229,2014
Wentworth,tt2433738,8.6,21747,2013
Madam Secretary,tt3501074,7.6,22563,2014
KILL la KILL,tt3114390,7.9,13372,2013
Z Nation,tt3843168,6.6,36059,2014
From Dusk Till Dawn The Series,tt3337194,6.9,20132,2014
Derek,tt2616280,8.1,31976,2013
The Thundermans,tt2712516,5.6,5340,2013
Hemlock Grove,tt2309295,7,39590,2013
The Seven Deadly Sins,tt3909224,7.9,30341,2014
Sofia the First,tt2136138,6.8,2915,2013
Sailor Moon Crystal,tt3124992,7.8,2115,2014
Lovesick,tt4051832,8.1,19259,2014
Shtisel,tt3069894,8.6,6958,2013
The Chase,tt3077336,7.5,886,2013
The Night Shift,tt1483202,7.5,12069,2014
The Next Step,tt2374744,5.9,1928,2013
Velvet,tt2955402,8.1,6018,2014
Zach Stone Is Gonna Be Famous,tt1748277,8.3,3616,2013
The Irregular at Magic High School,tt3874528,7.1,3273,2014
Resurrection Ertugrul,tt4320258,7.9,35515,2014
Dreamworks How to Train Your Dragon Legends,tt6963396,7.3,264,2013
Rabbids Invasion,tt3105674,5.5,1802,2013
The Cat in the Hat Knows a Lot About That,tt1699440,6.4,620,2013
Girlfriends Guide to Divorce,tt2817246,6.9,4523,2014
Tiny House Nation,tt3869500,7.1,1126,2014
Talking Tom and Friends,tt4648640,6.1,411,2014
Ever After High,tt3312378,7.7,1130,2013
Yowamushi Pedal,tt2942228,7.7,808,2013
Sam and Cat,tt2487090,5.6,9507,2013
The Heirs,tt3243098,7.5,10329,2013
Young and Hungry,tt2084712,7.3,15627,2014
Nicky Ricky Dicky and Dawn,tt3596176,5.1,2551,2014
The Haunted Hathaways,tt2535732,5,2471,2013
Black Money Love,tt3565486,7.4,5975,2014
Angry Birds Toons,tt3012598,6.2,800,2013
Mako Mermaids An H2O Adventure,tt2548214,6.7,3924,2013
Lalaloopsy,tt2827502,6.4,104,2013
Senora Acero,tt3904068,6.8,375,2014
PacMan and the Ghostly Adventures,tt2392179,4.8,635,2013
Zbrodnia,tt4173216,6.2,660,2014
Black Ink Crew New York,tt2738096,4.6,459,2013
NagiAsu A Lull in the Sea,tt3104236,7.3,1152,2013
Moving Art,tt6953912,8.6,442,2014
VeggieTales in the House,tt3692064,4.3,300,2014
Booba,tt6581428,7,390,2014
20 Minutes,tt2544148,7.3,1681,2013
Dokidoki PreCure,tt4621212,6.3,188,2013
Mashas Spooky Stories,tt4570676,6.1,65,2014
All Hail King Julien,tt3807022,7,2008,2014
Some Assembly Required,tt1160042,8.5,22,2014
Incomplete Life,tt4240730,8.6,1883,2014
Raja Rasoi Aur Anya Kahaniyaan,tt6953924,9,327,2014
That Winter the Wind Blows,tt2806646,7.6,1803,2013
Dharmakshetra,tt6803712,8.2,247,2014
Against the Tide,tt7131682,7.6,11,2014
Turbo FAST,tt3010520,6.5,593,2013
Sammy and Co,tt2580128,5.6,30,2014
Boss and Me,tt6186406,7.3,424,2014
Two Fathers,tt6707142,8,54,2013
Mystic Whispers,tt8834748,6.9,17,2014
Ojos in d House,tt12960266,6.1,11,2013
Better Call Saul,tt3032476,8.8,404920,2015
The Last Kingdom,tt4179452,8.5,126473,2015
Stranger Things,tt4575572,8.7,989090,2016
Schitts Creek,tt3526078,8.5,112537,2015
Alone,tt4803766,8.4,4622,2015
Grace and Frankie,tt3609352,8.2,48435,2015
The Good Place,tt4955642,8.2,148562,2016
Ash vs Evil Dead,tt4189022,8.4,70087,2015
OnePunch Man,tt4508902,8.7,148386,2015
Chicago Med,tt4655480,7.6,24142,2015
Queen of the South,tt1064899,7.9,28537,2016
The Crown,tt4786824,8.7,190878,2016
Call My Agent,tt4277922,8.3,13331,2015
Servant of the People,tt6235122,7.3,2706,2015
Documentary Now,tt4677934,8.1,6445,2015
Forged in Fire,tt4680444,8.3,3538,2015
Van Helsing,tt5197820,6.1,21852,2016
Food Wars Shokugeki no Soma,tt0417325,8.2,9651,2015
Lucifer,tt4052886,8.1,308291,2016
DCs Legends of Tomorrow,tt4532368,6.8,101178,2016
The Magicians,tt4254242,7.6,49557,2015
The OA,tt4635282,7.9,100911,2016
Kims Convenience,tt5912064,8.3,16970,2016
Sense8,tt2431438,8.2,151518,2015
Crashing,tt5295524,7.7,18546,2016
Norsemen,tt5905354,7.7,18040,2016
Bloodline,tt0219432,7.9,50028,2015
Slasher,tt13976072,6.7,14071,2016
Travelers,tt5651844,8,54566,2016
Narcos,tt2707408,8.8,404486,2015
Miraculous Tales of Ladybug and Cat Noir,tt2580046,7.7,10102,2015
Designated Survivor,tt5296406,7.5,88019,2016
Leah Remini Scientology and the Aftermath,tt6244192,9,5761,2016
Into the Badlands,tt3865236,7.9,45628,2015
iZombie,tt3501584,7.8,66488,2015
Wynonna Earp,tt4878326,7.3,22256,2016
Dark Matter,tt3116070,7.5,41867,2015
Scream The TV Series,tt3921180,7.1,40082,2015
Versailles,tt3830558,7.9,16273,2015
60 Days In,tt10112398,7.6,2616,2016
Supergirl,tt4016454,6.2,121939,2015
Crazy ExGirlfriend,tt4094300,7.8,19738,2015
Medici Masters of Florence,tt5057130,7.9,18575,2016
PJ Masks,tt4148744,5.4,1214,2015
Marcella,tt5269594,7.4,30373,2016
Bordertown,tt4937942,7.6,10371,2016
Fauda,tt4565380,8.3,25239,2015
El marginal,tt5820976,8.2,3799,2016
Frontier,tt4686698,7.1,20706,2016
The Cuba Libre Story,tt5319838,7.6,1583,2015
ERASED,tt5249462,8.5,42699,2016
Flowers,tt5619658,8.1,5468,2016
Love,tt4061080,7.7,41362,2016
Good Witch,tt3906732,7.2,10392,2015
The Ranch,tt4998212,7.4,37890,2016
Paranoid,tt5839454,6.7,8343,2016
Wet Hot American Summer First Day of Camp,tt4341672,7.4,23674,2015
Shooter,tt4181172,7.5,35547,2016
Hap and Leonard,tt3729898,7.6,7577,2016
Glitch,tt4192782,7.3,17240,2015
Occupied,tt4192998,7.7,8839,2015
Master of None,tt4635276,8.3,72341,2015
Unbreakable Kimmy Schmidt,tt3339966,7.6,70242,2015
Secret City,tt4976512,7.4,7831,2016
Fuller House,tt3986586,6.7,27148,2016
Easy,tt5562056,6.9,13569,2016
Making a Murderer,tt5189670,8.6,93456,2015
BUNKD,tt4591680,5.3,3174,2015
Quantico,tt4428122,6.6,60305,2015
F is for Family,tt4326894,8,36050,2015
Locked Up,tt4524056,8.2,21388,2015
Zoo,tt3250026,6.6,24479,2015
Ajin,tt5537534,7.6,6121,2016
Frequency,tt5531470,7.5,13625,2016
Wanted,tt5193358,7.6,5693,2016
Aquarius,tt4744218,7.1,12112,2015
Roman Empire,tt6233538,7,7539,2016
Degrassi Next Class,tt10947610,6.8,3205,2016
The Disastrous Life of Saiki K,tt6354518,8.4,6649,2016
Mobile Suit Gundam IronBlooded Orphans,tt5344382,7.9,1623,2015
Chefs Table,tt4295140,8.5,15176,2015
Trollhunters Tales of Arcadia,tt1734135,8.4,16509,2016
March Comes in Like a Lion,tt6074794,8.4,2586,2016
God Eater,tt5240222,7,1911,2015
Gilmore Girls A Year in the Life,tt5435008,7.6,36359,2016
Rebellion,tt4699982,7.1,3658,2016
The Windsors,tt5692740,7.1,2648,2016
Hip Hop Evolution,tt6319696,8.4,5772,2016
The Get Down,tt4592410,8.2,22304,2016
Dragons Race to the Edge,tt4816058,8.2,6161,2015
Flaked,tt4973548,7.2,11264,2016
A Very Secret Service,tt4367560,7.7,3461,2015
Voltron Legendary Defender,tt5580664,8.1,8706,2016
Transformers Robots In Disguise,tt3604232,6,1048,2015
Crazyhead,tt6038584,7.2,4985,2016
Lady Dynamite,tt4789300,7.3,3655,2016
No Tomorrow,tt1527428,7.3,5101,2016
Greenleaf,tt4971144,7.3,5158,2016
Grizzy and the Lemmings,tt6717058,7.1,579,2016
Zumbos Just Desserts,tt7239256,6.9,2125,2016
The Letdown,tt7320300,7.5,3253,2016
Case,tt7875988,7,2688,2015
Sinatra All or Nothing at All,tt3838978,8,2354,2015
The Adventures of Puss in Boots,tt3807034,6.6,1696,2015
Last Chance U,tt5863126,8.4,6789,2016
Molang,tt6046238,8.4,346,2015
Signal,tt5332206,8.6,6338,2016
Between,tt4531748,6,9059,2015
Midnight Diner Tokyo Stories,tt6150576,8.4,4109,2016
Reply 1988,tt5182866,9.2,6557,2015
Sunny Bunnies,tt7264084,6.6,95,2015
Cinderella and Four Knights,tt5764414,7.5,3663,2016
Simon,tt7699866,7,127,2016
Conspiracy,tt4761054,6.2,367,2015
The Sound of Your Heart,tt4613520,8.2,1075,2016
Spotless,tt10800582,7.7,3635,2015
Club de Cuervos,tt4680240,8.2,5514,2015
Little Things,tt6522580,8.2,6461,2016
Care Bears and Cousins,tt4680360,6.8,82,2015
Kuromukuro,tt5895314,7.2,1265,2016
Marseille,tt4003966,6.9,5083,2016
Puffin Rock,tt3590338,8.7,891,2015
Chefs Table France,tt6088326,8.2,1723,2016
The Method,tt5135336,7.4,2784,2015
Skylanders Academy,tt5916218,6.7,730,2016
Cant Cope Wont Cope,tt5674872,7.3,880,2016
Lego Bionicle The Journey to One,tt5075942,5.5,170,2016
The Mr Peabody and Sherman Show,tt5021206,5.7,433,2015
Inspector Gadget,tt3910690,4.5,614,2015
Heidi,tt4346362,7.2,234,2015
Danger Mouse,tt4196822,7.2,579,2015
Haters Back Off,tt5467814,6.1,7183,2016
Intersection,tt5303668,6.7,1152,2016
Terrace House Boys and Girls in the City,tt4790546,8.1,1624,2015
The K2,tt8535796,7.9,5615,2016
Dinotrux,tt1396212,6.8,458,2015
Hello My Twenties,tt5858892,8.3,2127,2016
Dawn of the Croods,tt5193172,5.8,712,2015
Kong King of the Apes,tt5462936,5.9,325,2016
Bella and the Bulldogs,tt3596178,5,2114,2015
Unnatural Selection,tt11063952,8.1,12,2015
Cooked,tt5347906,7.6,43,2016
Mossad 101,tt4354042,6.8,632,2015
Secrets of Great British Castles,tt5181284,7.8,1031,2015
Netflix Presents The Characters,tt5228026,5.3,835,2016
El Chema,tt5730624,6.9,303,2016
Tokyo Trial,tt6422918,7.4,1544,2016
Love O2O,tt6092878,8,2322,2016
Good Morning Call,tt5520732,7.7,3088,2016
Inside the Worlds Toughest Prisons,tt8594220,7.1,2747,2016
Beat Bugs,tt4716268,7.6,522,2016
Captive,tt6246500,6.8,724,2016
Another Miss Oh,tt5679572,7.9,1769,2016
Tagged,tt5881326,7.3,2012,2016
The Deep,tt4991910,8.1,645,2015
La Nina,tt5677942,8.3,642,2016
Ask the Storybots,tt5846856,8.4,870,2016
La esclava blanca,tt5458128,8.1,575,2016
World of Winx,tt5874596,6.6,715,2016
Pororo the Little Penguin,tt13527330,6.3,88,2016
72 Cutest Animals,tt5815824,5.7,433,2016
Richie Rich,tt4162898,3.1,1041,2015
LEGO Friends The Power of Friendship,tt6464612,6.5,49,2016
The Good Cop,tt6070434,7.7,370,2015
Tales by Light,tt5350276,8.3,1905,2015
One More Time,tt6212990,6.9,564,2016
My Runway,tt6968336,6.3,261,2016
Dear My Friends,tt5689030,8.2,355,2016
Toon,tt5698140,7.6,890,2016
White Nights,tt6168004,6.9,287,2016
The Paper,tt0341957,7.4,64,2016
H20 Mermaid Adventures,tt4610750,5.7,182,2015
Terrace House Aloha State,tt6588218,7.5,979,2016
Stories by Rabindranath Tagore,tt4853764,8.8,1295,2015
The Haunted House,tt9518312,8.4,71,2016
Cheer Squad,tt5993744,7.2,166,2016
72 Dangerous Places to Live,tt5674272,6.2,344,2016
Paquita Salas,tt5866074,8,3087,2016
Nightmare Teacher,tt6209442,7.1,423,2016
Old Money,tt3701442,7.3,493,2015
Rainbow Ruby,tt5828144,6.5,77,2016
Fearless,tt9556710,7.1,299,2016
Atelier,tt2303188,6.3,7,2015
The Truth Seekers,tt7131694,7.1,16,2016
Chelsea,tt5672036,6.1,2051,2016
Home Adventures with Tip and Oh,tt5759196,5.9,603,2016
White Rabbit Project,tt6048644,6.9,1665,2016
Witch Hunt A Century of Murder,tt6474054,7.2,319,2015
The Princess Weiyoung,tt6353308,7.9,767,2016
Mind Game,tt8879588,7.5,12,2015
Chelsea Does,tt5275894,7.3,2471,2016
Real Rob,tt3741346,6.4,2801,2015
StoryBots Super Songs,tt6163070,8.8,167,2016
Miss in Kiss,tt6954524,7.7,98,2016
Coach Snoop,tt5697642,6.8,583,2016
Word Party,tt5235950,5.7,349,2016
Trailer Park Boys Out of the Park Europe,tt5937754,7,2285,2016
My Sunshine,tt6131630,6.6,185,2015
A Touch of Green,tt5231950,8.4,314,2015
Kulipari An Army of Frogs,tt6040768,6.9,254,2016
28 Faces of the Moon,tt10145322,6.4,25,2016
The Creative Indians,tt9583184,8.3,45,2016
Kazoops,tt6312916,7.5,122,2016
Bottersnikes and Gumbles,tt6015820,5.1,47,2016
Fangbone,tt4358188,6.2,312,2016
Chasing Cameron,tt6370626,3.8,501,2016
Spark,tt6409112,7,57,2016
Under the Black Moonlight,tt7162436,5,56,2016
Hibana Spark,tt5301958,7.9,798,2016
Close Your Eyes Before Its Dark,tt6506806,7,218,2016
Best Lover,tt9874364,6.8,74,2016
Luna Petunia,tt4588068,6.2,58,2016
The Miracle,tt6703344,6.3,210,2016
The Dream Job,tt7131688,6.1,14,2016
Vanished 46,tt5606154,8.4,4269,2016
Magic Cellphone,tt7162434,4.1,21,2016
Diamond Lover,tt6058496,6.4,138,2015
Sons of the Caliphate,tt10202268,7.4,32,2015
Fartsa,tt4567218,6.7,195,2015
Singles Villa,tt5053036,7.7,28,2015
Tariqi My Way,tt5528490,7.2,143,2015
The Governor,tt7128052,7.4,100,2016
Back to 1989,tt6273088,8,106,2016
Popples,tt4210022,6,57,2015
My Little Baby,tt5546516,6.9,103,2016
Love Storm,tt6093070,5.5,325,2016
Ozark,tt5071412,8.5,278223,2017
Derry Girls,tt7120662,8.4,28718,2018
The Sinner,tt6048596,7.9,117055,2017
Dark,tt5753856,8.7,354443,2017
Riverdale,tt5420376,6.7,139154,2017
Legacies,tt8103070,7.3,28877,2018
Mindhunter,tt5290382,8.6,261429,2017
All American,tt7414406,7.6,9704,2018
Manifest,tt8421350,7.1,50145,2018
Elite,tt7134908,7.4,73062,2018
Cobra Kai,tt7221388,8.6,163858,2018
You,tt7335184,7.7,225949,2018
Lost in Space,tt5232792,7.3,96868,2018
Money Heist,tt6468322,8.3,450797,2017
Good Girls,tt6474378,7.7,49867,2018
Bodyguard,tt7493974,8.1,114446,2018
Godless,tt5516154,7.6,27,2017
Altered Carbon,tt2261227,7.9,162018,2018
Maniac,tt5580146,7.7,74877,2018
Dirty John,tt15438396,7.3,20817,2018
Babylon Berlin,tt4378376,8.4,23256,2017
Charmed,tt6394324,4.5,16091,2018
The Haunting of Hill House,tt6763664,8.6,226817,2018
HAPPY,tt2452242,8.1,37747,2017
Workin Moms,tt6143796,7.8,14892,2017
Wild Wild Country,tt7768848,8.1,29298,2018
Somebody Feed Phil,tt7752034,8.2,4420,2018
Big Mouth,tt6524350,7.9,74660,2017
Dynasty,tt6128300,7.2,21136,2017
Imposters,tt5212822,7.8,13238,2017
Anne with an E,tt5421602,8.7,51001,2017
Manhunt,tt5618256,8.1,57459,2017
Santa Clarita Diet,tt5580540,7.9,64467,2017
The Bureau of Magical Things,tt7153034,6.7,1914,2018
One Day at a Time,tt5339440,8.2,15669,2017
The End of the Fucking World,tt6257970,8.1,177868,2017
Safe,tt7902072,7.2,41822,2018
GLOW,tt0784878,8,44751,2017
Trolls The Beat Goes On,tt7539608,5.8,798,2018
Collateral,tt6729080,6.7,17304,2018
Castlevania,tt6517102,8.3,61114,2017
The Kominsky Method,tt7255502,8.2,38232,2018
Knightfall,tt4555364,6.7,19809,2017
Atypical,tt6315640,8.3,81643,2017
Alias Grace,tt1034007,7.7,31577,2017
Deadwind,tt6616260,7.3,8762,2018
A Series of Unfortunate Events,tt4834206,7.8,59239,2017
American Vandal,tt6877772,8.1,29972,2017
Watership Down,tt5670764,7.2,6043,2018
Mystery Science Theater 3000,tt6782014,8.2,3605,2017
Chilling Adventures of Sabrina,tt7569592,7.4,90327,2018
Violet Evergarden,tt7078180,8.4,19940,2018
Narcos Mexico,tt8714904,8.4,80902,2018
Disenchantment,tt5363918,7.2,58639,2018
BAKI,tt6357658,6.7,5706,2018
Wet Hot American Summer Ten Years Later,tt5669272,6.9,8502,2017
Seven Seconds,tt6297682,7.7,15323,2018
Devilman Crybaby,tt6660498,7.6,18575,2018
Oats Studios,tt16351432,6.4,870,2017
Two Sentence Horror Stories,tt6873926,5.5,1841,2017
Black Spot,tt6519410,7.4,10705,2017
Rust Valley Restorers,tt9498102,7.8,2732,2018
Everything Sucks,tt7078710,7.5,18023,2018
Bad Blood,tt6423364,7.5,9593,2017
Five Came Back,tt6587094,8.3,4600,2017
Queer Eye,tt7259746,8.5,18147,2018
James Acaster Repertoire,tt7818686,8.4,3545,2018
The Keepers,tt6792200,7.6,14,2017
13 Reasons Why,tt1837492,7.5,282373,2017
Pine Gap,tt7371868,7.2,4772,2018
Nightflyers,tt6903284,5.8,13103,2018
Black Lightning,tt6045840,6.1,24646,2018
Troy Fall of a City,tt5103758,3.9,13677,2018
The Dragon Prince,tt8688814,8.4,21635,2018
Dear White People,tt5707802,6.1,24863,2017
VeggieTales in the City,tt6562134,5.7,110,2017
Requiem,tt6712390,6.4,6421,2018
Wormwood,tt1149367,7,4181,2017
Perfume,tt10163260,7.1,8536,2018
Evil Genius,tt8342862,7.5,27516,2018
Explained,tt8005374,8,8831,2018
Cells at Work,tt8673610,7.5,2206,2018
SheRa and the Princesses of Power,tt7745956,7.8,14935,2018
Stranger,tt5545948,8.5,7645,2017
The Rain,tt6656238,7.3,616,2018
The Innocent Man,tt0914376,7.3,5883,2018
Rascal Does Not Dream of Bunny Girl Senpai,tt8993398,8.1,10400,2018
Dirty Money,tt7889220,8.1,9099,2018
Tidelands,tt6898970,6.8,7727,2018
Hilda,tt6385540,8.5,10162,2018
Friends from College,tt5565334,6.9,20242,2017
My Little Pony Equestria Girls,tt13160278,6.4,642,2017
Insatiable,tt6487482,6.5,27275,2018
Better Than Us,tt8285216,7.3,8711,2018
Cable Girls,tt5674718,7.6,13855,2017
Sick Note,tt5770788,6.8,7173,2017
MEGALOBOX,tt7965802,7.8,3144,2018
Transformers Cyberverse,tt8891990,6.5,350,2018
Wanderlust,tt7608238,7,5225,2018
Jack Whitehall Travels with My Father,tt7453996,7.6,5388,2017
Teasing Master Takagisan,tt7808344,7.7,2030,2018
The Boss Baby Back in Business,tt7741824,6.4,3595,2018
My Next Guest Needs No Introduction With David Letterman,tt7829834,7.9,5194,2018
Scissor Seven,tt11503082,8.5,297,2018
Damnation,tt6106704,7.6,8111,2017
The Magic School Bus Rides Again,tt3869122,6.2,812,2017
Cathedral of the Sea,tt4944694,7.4,4292,2018
Haunted,tt9077192,4.6,3150,2018
Dave Chappelle,tt6963504,8.7,2753,2017
Salt Fat Acid Heat,tt8772088,7.7,2419,2018
Great News,tt4955480,7,6810,2017
Dark Tourist,tt8725166,7.5,7158,2018
Abstract The Art of Design,tt6333098,8.4,5306,2017
Bakugan Battle Planet,tt9527662,5.1,220,2018
Kakegurui,tt7131720,7.2,8547,2017
Numberblocks,tt7978538,8.6,198,2017
Dogs,tt0262158,8,1269,2018
The Forest,tt6560040,7.2,10137,2017
Zoids Wild,tt12317724,6,25,2018
Mr Sunshine,tt7094780,8.7,6855,2018
Hotel Transylvania The Series,tt4858114,5.5,694,2017
My Mister,tt7923710,9.2,5481,2018
Magic for Humans,tt8425308,7.1,3316,2018
Bill Nye Saves the World,tt6026278,3.5,7233,2017
Unit 42,tt6136644,7,2311,2017
Innocent,tt6478854,8.4,17727,2017
Black Earth Rising,tt7660730,7.4,4790,2018
I Am a Killer,tt8300324,7.4,3937,2018
Nailed It,tt6987788,7.4,4682,2018
Aggretsuko,tt8019444,8,6005,2018
Immortals,tt8063174,5.4,3087,2018
On My Block,tt7879820,7.9,15642,2018
Sunderland Til I Die,tt8914684,8.1,7943,2018
Gypsy,tt5503718,6.8,16133,2017
Alexa and Katie,tt6916746,7.4,4687,2018
Bitter Daisies,tt9412454,7.2,3274,2018
Life Sentence,tt6088922,6.4,3855,2018
Cry Babies Magic Tears,tt11067738,4.8,36,2018
Shes Gotta Have It,tt0196291,6.8,4624,2017
The Toys That Made Us,tt7053920,8,5545,2017
The Standups,tt15250768,6.6,1225,2017
Baby,tt7645192,6.8,10990,2018
Unsolved The Murders of Tupac and The Notorious BIG,tt6233618,7.8,7651,2018
Disjointed,tt5884792,6.8,9980,2017
Spirit Riding Free,tt11942070,6.6,993,2017
White Gold,tt6010920,7.4,10981,2017
Voice,tt6212854,7.5,1949,2017
The Good Cop,tt7183074,6.9,5620,2018
Record of Grancrest War,tt7897050,7.1,893,2018
Hitlers Circle of Evil,tt6600720,8,4241,2018
Rotten,tt7763662,7.2,3675,2018
Because This Is My First Life,tt7278588,8.2,4168,2017
Abby Hatcher,tt9433014,6.1,163,2018
Unauthorized Living,tt6970700,7.4,4555,2018
LEGO Friends Girls on a Mission,tt9327146,7.7,106,2018
Tabula Rasa,tt5197860,8,10161,2017
Murder Mountain,tt9078908,6.8,3045,2018
Nicky Jam El Ganador,tt7949200,7.7,1129,2018
SKY Castle,tt9151274,8.6,2835,2018
Sisters,tt8453436,7.5,1729,2017
Suburra Blood on Rome,tt7197684,7.9,14346,2017
Norm Macdonald Has a Show,tt8139862,8.6,3473,2018
Just Between Lovers,tt7521898,8.2,1872,2017
The Epic Tales of Captain Underpants,tt7741830,6.7,879,2018
Ugly Delicious,tt7907916,7.8,3505,2018
The House of Flowers,tt8387348,7.6,7722,2018
Somewhere Between,tt6467294,6.2,5746,2017
Hot Date,tt7603386,7.1,616,2017
Lawless Lawyer,tt8160178,7.7,1572,2018
Welcome to the Family,tt7490342,6.6,442,2018
Llama Llama,tt4781350,6.5,270,2018
Borderliner,tt0332902,6.8,3999,2017
A Korean Odyssey,tt7099334,8,4535,2017
Power Rangers Ninja Steel,tt5335606,6.1,862,2017
Cloudy with a Chance of Meatballs,tt4123482,3.4,750,2017
Man Like Mobeen,tt7639280,8,2664,2017
Granblue Fantasy The Animation,tt6138612,6.4,391,2017
Meteor Garden,tt8690890,7.9,3921,2018
Wolf,tt7146600,8.1,7426,2018
Fallet,tt6433844,6.8,1873,2017
The Hollow,tt6193336,7.1,4198,2018
The Mire,tt8855592,7,4312,2018
GHOUL,tt5909930,8,6,2018
Transformers Rescue Bots Academy,tt9557874,6,100,2018
Hero Mask,tt9316078,6.1,657,2018
The Fix,tt5960546,7,1895,2018
The Beauty Inside,tt8801708,7.6,1889,2018
Fate/Apocrypha,tt6424454,6.6,2259,2017
The Casketeers,tt8365054,7.5,450,2018
The Guest,tt8801670,8.1,1537,2018
Rainbow Rangers,tt7967882,5.8,187,2018
The Mechanism,tt6873658,8,36077,2018
Mob Psycho 100,tt7701694,5.2,509,2018
Memories of the Alhambra,tt8236556,7.8,5363,2018
Barbie Dreamhouse Adventures,tt7661472,6.7,525,2018
Ad Vitam,tt8548830,6.4,1625,2018
Patriot Act with Hasan Minhaj,tt8080054,8.2,7222,2018
Signs,tt8917248,6.4,1608,2018
B The Beginning,tt7944664,7.1,4803,2018
Sugar Rush,tt8680560,7,1508,2018
El Chapo,tt6692188,7.8,17992,2017
Sacred Games,tt10810630,8.6,85088,2018
The Worst Witch,tt5721172,7.2,2375,2017
The Confession Tapes,tt7349602,7.5,5340,2017
Thieves of the Wood,tt5766086,6.8,2533,2018
Girl from Nowhere,tt8824648,7.6,3979,2018
Afflicted,tt8792570,5.1,1119,2018
Dope,tt7782022,7.3,1643,2017
Paradise PD,tt8235236,6.8,17779,2018
Thus Spoke Kishibe Rohan,tt13887556,7.6,1131,2017
Welcome to Waikiki,tt7890304,8.3,2038,2018
The Inmate,tt8452308,6.9,2641,2018
The Innocents,tt8021824,6.2,5784,2018
Charitao,tt5337806,7.8,3274,2017
Instant Hotel,tt9316032,7.3,1482,2018
Myths and Monsters,tt11279458,7.8,811,2017
Erased,tt7573686,7.8,3596,2017
The Hook Up Plan,tt9170638,7.2,5212,2018
Kiss Me First,tt5730690,6.2,3874,2018
November 13 Attack on Paris,tt8194716,8.3,3105,2018
Life,tt8243158,7.6,688,2018
The Bride of Habaek,tt6385752,7.1,2501,2017
The New Legends of Monkey,tt6807662,6.4,4308,2018
Medal of Honor,tt7440274,8.2,1687,2018
True and the Rainbow Kingdom,tt5607658,7.1,439,2017
Something in the Rain,tt8078816,8.2,5654,2018
The Velvet Collection,tt6762348,7.3,1376,2017
The Indian Detective,tt5797220,6.6,3078,2017
Bonus Family,tt0869654,2.3,15,2017
Serial Killer with Piers Morgan,tt7667038,3.8,1394,2017
My Shy Boss,tt6257622,7.3,1537,2017
Gormiti,tt9077350,5.3,111,2018
Selection Day,tt10656928,7.4,2176,2018
The Protector,tt7668518,6.5,34396,2018
The Queen of Flow,tt8560918,7.7,1202,2018
Cupcake and Dino  General Services,tt8697554,7.5,663,2018
Daniel Sloss Live Shows,tt8858472,8.5,3387,2018
Warrior,tt9249090,6.7,1966,2018
Surviving Escobar  Alias JJ,tt6809396,7.7,985,2017
Bangkok Love Stories 2 Innocence,tt10438662,6.7,199,2018
Children of the Whales,tt7484994,7.1,1524,2017
Dogs of Berlin,tt6839788,7.5,12453,2018
Free Rein,tt6928052,7,2062,2017
Luis Miguel The Series,tt8045690,8,4556,2018
Cyborg 009 Call of Justice,tt6921524,5.7,217,2017
Cocaine Coast,tt6970710,7.9,3696,2018
Bumping Mics with Jeff Ross and Dave Attell,tt9203078,7.7,1145,2018
Ultraviolet,tt7514746,7,1573,2017
Hot Girls Wanted Turned On,tt6333104,6.6,2168,2017
7 Days Out,tt9315990,6.8,531,2018
Greenhouse Academy,tt6076336,6.6,5967,2017
Hi Score Girl,tt8963328,8,1952,2018
Samurai Gourmet,tt6304676,8.1,2053,2017
Final Fantasy XIV Dad of Light,tt6497076,7.2,592,2017
Car Masters Rust to Riches,tt8893550,8.4,10024,2018
Sparta,tt6840106,6.6,443,2018
Re Mind,tt7332652,4.9,1531,2017
Lego Jurassic World The Secret Exhibit,tt9322614,6.2,244,2018
Ingobernable,tt6495756,7.2,3052,2017
If I Hadnt Met You,tt8517780,7.7,2283,2018
Creeped Out,tt7573024,6.5,1826,2017
Girlboss,tt5706996,7,17525,2017
Spy Kids Mission Critical,tt6714408,5.2,372,2018
The Royal House of Windsor,tt6596634,7.3,1541,2017
When Heroes Fly,tt8220344,7.1,3123,2018
Flint Town,tt8004578,7.9,3633,2018
AICO Incarnation,tt8116380,6.3,1189,2018
Eternal Love,tt6488862,8.4,2214,2017
Polly Pocket,tt8673042,5.9,119,2018
Pop Team Epic,tt7808370,6.9,815,2018
Sirius the Jaeger,tt8565136,6.7,1883,2018
Misty,tt7890244,8.1,596,2018
Standup and Away with Brian Regan,tt9384194,5.7,390,2018
A Love So Beautiful,tt8434720,8,1386,2017
The A List,tt9185110,5.5,2787,2018
The Big Family Cooking Showdown,tt7518558,7,665,2017
QB1 Beyond the Lights,tt5771332,7.7,895,2017
Fugitiva,tt7158972,5.6,658,2018
Amazing Interiors,tt8747342,6.6,797,2018
Secret Agent Selection WW2,tt8268994,7.8,551,2018
The Piano Forest,tt8043492,7.1,883,2018
Bobby Kennedy for President,tt8200004,8.1,1759,2018
Chip and Potato,tt9897038,6.4,155,2018
Falsa identidad,tt8598690,7,351,2018
Diablero,tt7414954,6.8,2521,2018
Super Drags,tt8912244,5.4,1685,2018
Chosen,tt7317178,5.2,127,2018
Bad Guys Vile City,tt12404980,6,29,2017
The Yard,tt7923832,7.2,1605,2018
Kakegurui,tt7691766,6.8,966,2018
Last Hope,tt8893554,5.8,427,2018
The Platform,tt8254954,6.2,7,2018
Busted,tt8328460,7.6,898,2018
3Below Tales of Arcadia,tt7736544,7.7,5927,2018
Familiar Wife,tt15062636,7.6,937,2018
Ultimate Beastmaster,tt5706758,7.3,2359,2017
The Worlds Most Extraordinary Homes,tt7804132,7.6,3380,2017
Fate/Extra Last Encore,tt7940468,5.4,772,2018
Live,tt12094726,8.3,1208,2018
My Secret Romance,tt6300100,7.2,3108,2017
The Comedy Lineup,tt8687584,5.9,457,2018
FIGHTWORLD,tt9047526,7.6,806,2018
Prison Playbook,tt7622902,8.5,3060,2017
First Team Juventus,tt7924812,7.3,2061,2018
The Final Table,tt5545584,7.6,3989,2018
Switched,tt8747882,7.1,1402,2018
Trump An American Dream,tt7596008,7.2,4003,2017
Undercover Law,tt8888710,7.2,214,2018
Apaches,tt6818948,7,293,2018
Marlon,tt5722376,7,4056,2017
My Sassy Girl,tt6175760,6.9,561,2017
Wild District,tt8105958,8.2,1898,2018
Million Yen Women,tt6686450,7.6,1794,2017
My ID is Gangnam Beauty,tt8585954,7.4,3774,2018
Champions,tt6470396,6.1,3736,2018
100 Days My Prince,tt8199972,7.8,1938,2018
Girls Incarcerated,tt8092942,7.3,1073,2018
Brainchild,tt9203042,8.1,415,2018
The Who Was? Show,tt7488702,6.8,604,2018
Cleo and Cuquin,tt7956374,8,98,2018
Back Street Girls Goku Dolls,tt8693818,6.6,815,2018
Edgar Rice Burroughs Tarzan and Jane,tt6216718,4.8,270,2017
Empire Games,tt8171234,5.8,306,2018
Age of Tanks,tt8107992,7.3,852,2017
Robot Trains,tt7216288,6,87,2017
My Dead Ex,tt7428106,7.4,478,2018
Crazy Delicious,tt7626160,8.9,15,2017
Becoming Champions,tt8796068,6.7,389,2018
Inside the Criminal Mind,tt6775794,5.4,986,2018
Live Up To Your Name,tt7094874,8,1224,2017
Fastest Car,tt8295694,7.1,1324,2018
Terrorism Close Calls,tt6775816,5.1,688,2018
13 Reasons Why Beyond the Reasons,tt8615966,6.2,322,2017
Stay Here,tt8773338,7.4,1095,2018
Kantaro The Sweet Tooth Salaryman,tt6983520,7.6,791,2017
SWORDGAI The Animation,tt7415066,5.8,907,2018
Beyond Stranger Things,tt7570990,7.4,1883,2017
44 Cats,tt9699148,6.1,283,2018
Dragon Pilot Hisone and Masotan,tt8528256,6.9,494,2018
Nailed It Holiday,tt8760264,7.7,1086,2018
Terrace House Opening New Doors,tt7776244,7.8,952,2017
ReBoot The Guardian Code,tt6849940,3.8,1189,2018
Neo Yokio,tt7343832,5.9,3359,2017
Black,tt6380900,8,3665,2017
Super Monsters,tt6214876,6.3,411,2017
Shot in the Dark,tt10478382,8,1770,2017
Time The Kalief Browder Story,tt6133034,8.5,2641,2017
Love and Fortune,tt8649316,7.3,547,2018
Drug Lords,tt7935522,6.8,1305,2018
Follow This,tt8560884,4.9,710,2018
Paprika,tt12740488,7.5,26,2018
Victim Number 8,tt8500086,7,1994,2018
The Rise of Phoenixes,tt7052634,8.4,1477,2018
Unrequited Love,tt6917420,6.7,10,2017
Al Hayba,tt8585236,7.5,1201,2017
Hymn of Death,tt8160064,7.6,1104,2018
The Degenerates,tt9077196,6.2,666,2018
Motown Magic,tt8959860,7.9,292,2018
Titipo Titipo,tt12987396,6.6,19,2018
Blood Pact,tt6742610,6.7,140,2018
Lost Song,tt7211600,7,375,2018
Rapture,tt7981052,5.4,11,2018
Larva Island,tt9077194,6.6,416,2018
Zac and Mia,tt7487358,7.8,622,2017
Move,tt9165300,7.5,112,2018
AMO,tt7218736,6.6,410,2018
Clean with Passion for Now,tt7981562,7,1246,2018
Love Daily,tt7975182,6.2,153,2018
Theyve Gotta Have Us,tt9268756,7.7,292,2018
72 Dangerous Animals Asia,tt8728268,6.6,517,2018
Prince of Peoria,tt8001718,5.7,471,2018
Black Crows,tt7356518,5.4,295,2017
Yummy Mummies,tt7172230,4,673,2017
Ponysitters Club,tt7692572,6,116,2018
Ashes of Love,tt8976346,8.5,1875,2018
72 Dangerous Animals Latin America,tt7909708,6.5,559,2017
Vai Anitta,tt8961530,5.6,448,2018
Dancing Queen,tt8882486,6.9,1590,2018
Accidentally In Love,tt9077184,7.6,1100,2018
The Joel McHale Show with Joel McHale,tt7895706,7.1,2378,2018
The Day I Met El Chapo The Kate del Castillo Story,tt7334894,6.8,1073,2017
Mariposa de barrio,tt6834120,7.6,238,2017
BestWorstWeekendEver,tt7768010,6.4,297,2018
Treehouse Detectives,tt8591984,7.6,93,2018
Samantha,tt6626676,6.6,513,2018
On Children,tt8507402,7.2,380,2018
Legend Quest,tt5038900,7.3,446,2017
The Curious Creations of Christine McConnell,tt8773080,7.7,2391,2018
Paul Hollywoods Big Continental Road Trip,tt7936386,7.4,206,2017
Heidi bienvenida a casa,tt7183310,6.2,20,2017
Westside,tt8693758,6,168,2018
Boca Juniors Confidential,tt8893546,6.3,350,2018
The Judgement,tt8866904,7.1,95,2018
My Only Love Song,tt6125832,7,647,2017
Borges,tt7895652,6.2,168,2018
Stretch Armstrong and the Flex Fighters,tt1379164,6.2,307,2017
Made in Mexico,tt8871764,3.9,760,2018
Dinotrux Supercharged,tt7620702,7.5,94,2017
Revolutionary Love,tt7340800,6.9,666,2017
Dennis and Gnasher Unleashed,tt7081512,7.3,82,2017
The Unknown Hitman The Story of El Cholo Adri√°n,tt6524440,6.7,144,2017
Death by Magic,tt8887956,6.1,629,2018
Ainori Love Wagon Asian Journey,tt11542960,6.8,271,2017
Little Singham,tt11151836,3.5,91,2018
Million Pound Menu,tt8488494,6.5,563,2018
Take My Brother Away,tt8894324,6.7,161,2018
A Taiwanese Tale of Two Cities,tt8893498,6.1,159,2018
Fire Chasers,tt7293754,6.6,368,2017
Jimmy The True Story of a True Idiot,tt6866914,6.8,77,2018
Smoking,tt8758778,7.4,456,2018
Here to Heart,tt8791742,7.5,219,2018
LEGO Elves Secrets of Elvendale,tt7322926,6.9,163,2017
Edha,tt7956274,4.9,632,2018
Wrong Kind of Black,tt8660874,7.7,148,2018
Monkey Twins,tt8507498,7.9,92,2018
Baby Ballroom,tt8159960,7.8,198,2017
Age of Rebellion,tt8931836,8.6,49,2018
All About the Washingtons,tt7661368,4.8,708,2018
PartTime Idol,tt8835780,6.7,108,2017
The Single Wives,tt8694342,6.5,73,2018
The Honeymoon Stand Up Special,tt7698408,6.8,515,2018
A Boy Named Flora A,tt6284014,7.9,314,2017
Strongest Deliveryman,tt7022748,7.4,626,2017
The CouldveGoneAlltheWay Committee,tt8499662,6.8,102,2018
The Many Faces of Ito,tt7134506,6.7,244,2017
A House of Blocks,tt7053684,2.3,137,2017
First and Last,tt8893502,6.7,421,2018
Running Man,tt11256118,8.4,32,2017
Julies Greenroom,tt5779222,8.2,328,2017
All Hail King Julien Exiled,tt6865906,7.5,559,2017
Justice Qalb Al Adala,tt5338544,5.6,155,2017
REA(L)OVE,tt8477194,6.6,210,2018
Droppin Cash Los Angeles,tt7983796,3.4,116,2018
Argon,tt7094798,7.3,261,2017
Buddy Thunderstruck,tt6591468,7.8,489,2017
Blazing Transfer Students,tt7931520,7,116,2017
Club de Cuervos Presents The Ballad of Hugo Sanchez,tt8498114,6.4,816,2018
Regiment Diaries,tt9642576,8.6,80,2018
Robozuna,tt8454808,6.6,92,2018
Check The Store Next Door,tt9545904,7.8,129,2018
Battlefish,tt8893566,7,426,2018
A Little Help with Carol Burnett,tt7204366,6.3,233,2018
The Hollywood Masters,tt7178034,7.2,86,2017
Kulipari Dream Walker,tt9203064,7.7,91,2018
ID0,tt7161218,6.2,320,2017
Harvey Street Kids,tt7758552,6.8,249,2018
Life Plan A and B,tt7034962,7.8,106,2017
Highland Thailands Marijuana Awakening,tt7201224,6.2,24,2017
The Break with Michelle Wolf,tt8010342,5.1,1862,2018
Ask the Doctor,tt7188736,6.5,289,2017
Kibaoh Klashers,tt7492122,6.3,17,2017
The Sound of Your Heart Reboot,tt7885558,5.9,134,2018
Luo Bao Bei,tt7192414,8,38,2018
Memories of Love,tt8246636,5.9,16,2018
We Speak Dance,tt7737500,7.5,148,2018
YG Future Strategy Office,tt8129694,6.9,204,2018
What She Put on the Table,tt7073222,7.3,30,2017
Learning Songs by Little Baby Bum Nursery Rhyme Friends,tt11456582,4.2,9,2017
Luna Petunia Return to Amazia,tt7924854,4.8,48,2018
Russian Doll,tt7520794,7.8,88945,2019
Bridgerton,tt8740790,7.3,122036,2020
Demon Slayer Kimetsu no Yaiba,tt9335498,8.7,88265,2019
Sex Education,tt7767422,8.3,251168,2019
After Life,tt8398600,8.5,124972,2019
Love Death and Robots,tt9561862,8.4,131937,2019
The Umbrella Academy,tt1312171,8,202522,2019
The Witcher,tt5180504,8.2,465949,2019
Space Force,tt9612516,6.7,61739,2020
Formula 1 Drive to Survive,tt8289930,8.6,36661,2019
The Queens Gambit,tt10048342,8.6,406350,2020
Selling Sunset,tt9817298,6.5,5482,2019
Dead to Me,tt9889712,8,73110,2019
I Think You Should Leave with Tim Robinson,tt10050772,7.9,11411,2019
The Last Dance,tt8420184,9.1,108321,2020
The Stranger,tt9698480,7.3,46564,2020
Emily in Paris,tt8962124,6.9,84302,2020
Unbelievable,tt7909970,8.4,95658,2019
ULTRAMAN,tt8699270,6.8,2025,2019
Jurassic World Camp Cretaceous,tt10436228,7.5,7423,2020
Virgin River,tt9077530,7.4,34797,2019
Outer Banks,tt10293938,7.5,43404,2020
Locke and Key,tt3007572,7.4,72031,2020
The Circle,tt9581768,7.3,6380,2020
Are You Afraid of the Dark,tt10473306,7.1,2151,2019
In the Dark,tt7772602,7.7,10927,2019
Young Wallander,tt9359220,6.8,11039,2020
Tuca and Bertie,tt8036272,7.3,6724,2019
Feel Good,tt10098620,7.5,10317,2020
Love Is Blind,tt11704040,6.1,7655,2020
Into the Night,tt10919486,7.1,30746,2020
Criminal UK,tt9348692,7.6,17992,2019
Never Have I Ever,tt10062292,7.8,45346,2020
The Daily Life of the Immortal King,tt11755260,7.2,1211,2020
The Cursed,tt11841276,7.1,395,2020
Get Organized with The Home Edit,tt10834478,5.3,1454,2020
Sweet Magnolias,tt9077540,7.3,17435,2020
Alice in Borderland,tt10795658,7.6,47651,2020
Raising Dion,tt7826108,7.1,14464,2019
Kingdom,tt6611916,8.3,43760,2019
Black Summer,tt8923854,6.5,28657,2019
The Promised Neverland,tt8788458,8.4,34730,2019
Dracula,tt9165388,6.8,45971,2020
The Dark Crystal Age of Resistance,tt6905542,8.4,24164,2019
When They See Us,tt7137906,8.9,114127,2019
Cocomelon,tt12427840,4.9,522,2019
Another Life,tt8369840,5.2,35108,2019
Living with Yourself,tt8880894,7.2,30134,2019
The Movies That Made Us,tt10681222,7.6,6147,2019
Giri and Haji,tt8001106,7.8,13570,2019
Dont Fuck with Cats Hunting an Internet Killer,tt11318602,8,50250,2019
The Valhalla Murders,tt9100822,7.1,13038,2019
Barbarians,tt9184986,7.2,23180,2020
Marianne,tt10875696,7.4,14518,2019
The Haunting of Bly Manor,tt10970552,7.3,96015,2020
Roswell New Mexico,tt7588054,6.2,11928,2019
Hollywood,tt9827854,7.5,35067,2020
Cursed,tt8210856,5.8,29446,2020
To the Lake,tt9151230,7.2,12456,2019
Pokemon Journeys The Series,tt14033496,6.9,472,2020
The Defeated,tt8879894,7,5597,2020
Conversations with a Killer The Ted Bundy Tapes,tt9425132,7.8,27439,2019
I Am Not Okay with This,tt9446688,7.5,56459,2020
Tiger King,tt11823076,7.5,76961,2020
Unorthodox,tt7607544,8,74118,2020
Warrior Nun,tt9059350,6.8,29164,2020
Ragnarok,tt9251798,7.5,36185,2020
The Order,tt8295472,6.7,27286,2019
Love on the Spectrum,tt11904786,8.6,5210,2019
Away,tt8787802,6.6,23706,2020
The Pharmacist,tt11600174,7.7,6989,2020
Ghost in the Shell SAC_2045,tt9466298,6.2,2020,2020
The Politician,tt7971476,7.5,21887,2019
The Society,tt8778064,7,27693,2019
The Untamed,tt10554898,8.8,5963,2019
Our Planet,tt9253866,9.3,41386,2019
The Family,tt10780886,6.4,3491,2019
The Spy,tt5952634,7.9,40535,2019
Daybreak,tt12374132,6.7,19398,2019
The Comey Rule,tt9174536,7.4,8598,2020
Merli Dare to Know,tt9415632,7.6,1711,2019
Too Hot to Handle,tt12004280,4.6,12001,2020
Ratched,tt7423538,7.2,52731,2020
DC Super Hero Girls,tt6927444,7.2,1193,2019
Dark Desire,tt12540080,6.5,7135,2020
Unsolved Mysteries,tt9642938,7.3,9391,2020
WHAT  IF,tt8860450,6.3,15135,2019
Its Okay to Not Be Okay,tt12451520,8.6,21104,2020
Trinkets,tt9134194,7,10263,2019
Messiah,tt7671598,7.6,42018,2020
BEASTARS,tt11043632,7.7,9440,2019
Dorohedoro,tt11147852,8.1,7813,2020
Undercover,tt7263154,7.8,16773,2019
Bonding,tt7718088,7.1,15871,2019
Cheer,tt11426660,8.1,6145,2020
Wu Assassins,tt8652642,6.4,12799,2019
Greatest Events of WWII in Colour,tt9103932,8.7,8508,2019
Lego Jurassic World Legend of Isla Nublar,tt10872880,6.7,272,2019
Green Eggs and Ham,tt4651448,8.1,2556,2019
Stateless,tt4878488,7.5,9218,2020
Caliphate,tt11398870,8.2,17735,2020
Down to Earth with Zac Efron,tt12585152,8,6446,2020
Jeffrey Epstein Filthy Rich,tt12312250,7.1,23216,2020
Summertime,tt11269886,6,2573,2020
LAs Finest,tt7555294,6.1,7000,2019
Holiday Secrets,tt11243536,6.5,1134,2019
Almost Happy,tt12146940,6.8,870,2020
Interior Design Masters,tt8367694,6.4,1356,2019
Dash and Lily,tt11127506,7.5,16978,2020
Dare Me,tt2983222,6.6,5098,2019
The Gift,tt10075318,7,21582,2019
October Faction,tt8826128,6.1,10854,2020
Deaf U,tt13070478,6.4,462,2020
Blown Away,tt9908860,7.1,2876,2019
Medical Police,tt9850952,5.9,4136,2020
Selena The Series,tt9421868,6.9,4435,2020
White Lines,tt9073958,6.6,16506,2020
The Devil Next Door,tt11165002,7.6,13084,2019
StartUp,tt12867810,8.1,9021,2020
Toy Boy,tt8693266,6.5,7371,2019
Middleditch and Schwartz,tt12027034,8.6,5147,2020
The Twelve,tt7605396,7.5,5005,2019
The Ripper,tt13492374,7.1,9228,2020
Teenage Bounty Hunters,tt10584608,7.6,10821,2020
GREAT PRETENDER,tt11680468,7.9,4635,2020
Northern Rescue,tt8462412,7.1,4105,2019
High Score,tt12759400,7.4,7733,2020
Kipo and the Age of Wonderbeasts,tt10482560,8.3,5293,2020
Unabomber In His Own Words,tt11833494,7.2,3338,2020
Garth Brooks The Road Im On,tt10095402,7.4,285,2019
Ares,tt8404520,5.7,4298,2020
The Confession Killer,tt11307176,7.4,8733,2019
Traitors,tt7371896,6.6,3020,2019
Valeria,tt9731288,6.5,5510,2020
Tidying Up with Marie Kondo,tt8115560,6.6,3529,2019
Aunty Donnas Big Ol House of Fun,tt13316746,8,6140,2020
Tales of the City,tt7087260,7.4,7715,2019
Historical Roasts,tt9169602,5.3,1675,2019
La Revolution,tt13044528,6.6,5512,2020
Challenger The Final Flight,tt12930534,7.8,6778,2020
Grand Army,tt10473150,7.5,6279,2020
The ILand,tt9070436,4.6,16918,2019
Killer Inside The Mind of Aaron Hernandez,tt11475228,7.4,16649,2020
Skylines,tt9184970,7.5,2627,2019
Inside Bills Brain Decoding Bill Gates,tt10837476,7.9,10776,2019
Song Exploder,tt13110256,7.4,758,2020
Chambers,tt7949204,6.4,8380,2019
The Mind Explained,tt10810430,8,5230,2019
The Chef Show,tt10359446,8.2,5025,2019
Rise of Empires Ottoman,tt9244578,7.9,22045,2020
The Last Czars,tt7949606,7.3,8096,2019
Darwins Game,tt11405390,7.3,2284,2020
How to Sell Drugs Online ,tt9184994,7.9,30734,2019
Biohackers,tt9849210,6.8,9346,2020
Fear City New York vs The Mafia,tt12588372,7.1,7215,2020
Gentefied,tt10037034,7.3,2641,2020
Hotel Del Luna,tt10220588,8.2,7832,2019
The Baker and the Beauty,tt9164986,7.5,4160,2020
Her Private Life,tt9899340,7.7,3665,2019
Control Z,tt11937662,6.9,8235,2020
Power Rangers Beast Morphers,tt8022978,6.5,585,2019
Capitani,tt10483610,6.6,4355,2019
Home for Christmas,tt10069398,7.7,13670,2019
Quicksand,tt8686106,7.5,21077,2019
Sex Explained,tt11390530,6.9,3177,2020
Rainbow High,tt13488080,6.4,116,2020
JuOn Origins,tt12313914,6.1,4467,2020
Special,tt9381622,7.6,9202,2019
Exhibit A,tt10376904,6.3,1030,2019
Itaewon Class,tt11239552,8.2,12030,2020
Turn Up Charlie,tt8304498,7.1,7251,2019
The Disappearance of Madeleine McCann,tt9879074,6.6,10286,2019
Floor is Lava,tt12370124,5.3,2135,2020
Detention,tt13175760,6.3,496,2020
Kengan Ashura,tt9058134,8,4719,2019
Abyss,tt10055734,7.1,2131,2019
The Trials of Gabriel Fernandez,tt11822998,8.1,10982,2020
Gameboys,tt12508898,8.5,1066,2020
Black Space,tt13660638,6.7,1758,2020
Spinning Out,tt9117054,7.6,13692,2020
Dolly Partons Heartstrings,tt8509922,7.6,2107,2019
The Bonfire of Destiny,tt9050352,7.6,4442,2019
Indian Matchmaking,tt12580168,6.2,3049,2020
High Seas,tt8961508,6.8,7154,2019
Julie and the Phantoms,tt10183988,8.4,9461,2020
Someone Has to Die,tt10311932,6.3,4718,2020
The Uncanny Counter,tt13273826,8,5552,2020
Self Made Inspired by the Life of Madam CJ Walker,tt8771910,7.3,11586,2020
V Wars,tt7403736,6.1,13531,2019
The Naked Director,tt10477528,7.7,6052,2019
The BabySitters Club,tt8690518,7.3,3786,2020
The Letter for the King,tt8741648,5.9,7376,2020
Black Dog,tt11377920,7.7,129,2019
Tiny Pretty Things,tt10767748,5.9,9115,2020
Frontera Verde,tt9641192,7.3,2481,2019
Romance Is a Bonus Book,tt9130542,8,5034,2019
No Good Nick,tt9039142,6,2843,2019
SanPa Sins of the Savior,tt13731400,7.8,1488,2020
Persona,tt10027990,6.6,1164,2019
BNA,tt12013558,7.2,2478,2020
Carmen Sandiego,tt7042146,7.9,5557,2019
The Liberator,tt9308682,7.6,5942,2020
Trial by Media,tt11963042,7.1,3096,2020
Connected,tt12753692,7.5,1704,2020
Love Alarm,tt9145880,6.8,5262,2019
The Eddy,tt7322210,7.1,2908,2020
Love and Anarchy,tt10888876,7.4,7896,2020
Arthdal Chronicles,tt8750956,8.3,4200,2019
The Mess You Leave Behind,tt9731242,6.8,8848,2020
Carole and Tuesday,tt8107988,7.8,1979,2019
Vampires,tt11829316,5.6,1234,2020
The Trial,tt10549212,7.2,3032,2019
Killer Ratings,tt10243692,7.6,1671,2019
The Last Kids on Earth,tt8914012,7.3,1293,2019
Japan Sinks 2020,tt12031040,6.4,2922,2020
Lenox Hill,tt12190580,8.7,2276,2020
The Alcaesser Murders,tt8035424,7.1,2127,2019
We Are the Wave,tt11053220,6.2,2637,2019
The Possessed,tt12929796,5.7,882,2020
Kevin Hart Dont Fuck This Up,tt11313054,6.4,2009,2019
Touch Your Heart,tt9466990,7.7,3046,2019
Vagabond,tt8523042,8.2,7544,2019
Love 101,tt10516352,7.5,13797,2020
The Big Flower Fight,tt12200714,7.4,1178,2020
Lovestruck in the City,tt13394544,7.7,2129,2020
Hospital Playlist,tt11769304,8.8,4836,2020
How to Fix a Drug Scandal,tt11958942,7,3232,2020
Dream Home Makeover,tt13161310,5.5,1078,2020
Ricky Zoom,tt10932166,6.3,90,2019
The Barrier,tt9460858,6.8,3447,2020
Power Players,tt10895604,5.9,84,2019
Fast and Furious Spy Racers,tt8322592,5.7,1444,2019
Ashley Garcia Genius in Love,tt10380934,6.8,1183,2020
The Playbook,tt12930602,7.4,1360,2020
Family Business,tt10423460,7.4,3907,2019
We Are the Champions,tt12409154,7.1,1379,2020
My First First Love,tt8995604,7.5,2163,2019
Alien Worlds,tt13464340,6.5,3509,2020
The InBESTigators,tt9332962,8.1,783,2019
The Circle France,tt9581778,7.4,692,2020
AJ and the Queen,tt8404094,7.4,7961,2020
Breakfast Lunch and Dinner,tt10681670,6.7,1045,2019
Mythomaniac,tt10677432,6.7,1274,2019
The American Barbecue Showdown,tt12938472,7.1,1151,2020
History 101,tt11958648,6.8,4031,2020
Twice Upon a Time,tt7943036,6.3,987,2019
Lunatics,tt8164794,6.6,3136,2019
Chefs Table BBQ,tt12917170,7.8,981,2020
Who Killed Little Gregory,tt11269714,7.4,2908,2019
Schulz Saves America,tt13607518,7.3,1069,2020
Criminal Germany,tt10986056,7.7,5108,2019
Heaven Officials Blessing,tt13375866,8.3,1349,2020
Girls from Ipanema,tt8001788,7.8,3423,2019
Do Do Sol Sol La La Sol,tt12850262,7.4,1465,2020
Taj Mahal 1989,tt11725706,7.4,1522,2020
Glow Up Britains Next MakeUp Star,tt9680524,6.8,1975,2019
Magical Andes,tt11816968,7.8,523,2019
Dragons Rescue Riders,tt10687134,5.9,304,2019
My Perfect Landing,tt10268080,6.6,161,2020
The Crowned Clown,tt9266592,8,880,2019
Mr Iglesias,tt8403536,7.1,6703,2019
Crime Diaries Night Out,tt10242266,7.3,850,2019
Awake The Million Dollar Game,tt10370956,5.9,759,2019
Oktoberfest Beer and Blood,tt10244612,6.8,2119,2020
SAINT SEIYA Knights of the Zodiac,tt6908976,4.5,1808,2019
Hache,tt8575476,6.5,1610,2019
LEGO Marvel Avengers Climate Conundrum,tt13783758,6.6,65,2020
The Chosen One,tt9048368,5.7,661,2019
Mystic Popup Bar,tt12246190,8,1977,2020
Big Timber,tt13322572,6.5,577,2020
Carmel Who Killed Maria Marta,tt13244092,7,2375,2020
Morphle,tt10087694,5.1,77,2019
Nisman The Prosecutor the President and the Spy,tt11618264,7.6,569,2019
Women of the Night,tt7785420,6.3,871,2019
100 Humans Lifes Questions Answered,tt11823088,5.7,3958,2020
Nobodys Looking,tt11131980,7.7,1956,2019
Hi Bye Mama,tt11804034,8,1561,2020
Heroes of Goo Jit Zu,tt10589932,7.5,23,2019
The Last Word,tt10506510,7,948,2020
The Innocence Files,tt11958922,8,2622,2020
Mortel,tt8403570,6.5,1390,2019
Next in Fashion,tt10394770,7.3,3572,2020
Losers,tt9817218,7.6,1741,2019
Kota Factory,tt9432978,9.3,66985,2019
The School Nurse Files,tt12879522,6.4,1147,2020
Monarca,tt8655736,7.8,3210,2019
Les de lhoquei,tt9486226,6.8,429,2019
La Lanea Shadow of Narco,tt12875794,6.4,386,2020
The Witcher A Look Inside the Episodes,tt12748032,7.1,151,2020
Gigantosaurus,tt9636800,6.9,159,2019
Family Reunion,tt9153270,6.4,2576,2019
Record of Youth,tt12850322,7.3,2278,2020
You Cannot Hide,tt10367990,6.4,1098,2019
The Minions of Midas,tt10147520,6.6,4065,2020
Osmosis,tt7043380,5.8,3003,2019
Drug Squad Costa del Sol,tt8478108,6.8,554,2019
Twelve Forever,tt8009622,6.6,664,2019
Jinn,tt10751504,3.5,10043,2019
Always a Witch,tt8001250,6.3,2406,2019
My Holo Love,tt11058644,7.6,2401,2020
Flavorful Origins,tt9708598,7.6,592,2019
Yankee,tt9046782,5.9,687,2019
Omniscient,tt11542920,6.5,2089,2020
Seis Manos,tt10106108,7.1,1573,2019
Apache The Life of Carlos Tevez,tt10715172,7.3,1582,2019
You vs Wild,tt10044952,6.6,2570,2019
Immigration Nation,tt12754910,7.4,1096,2020
The Cabin with Bert Kreischer,tt13148876,6.6,1637,2020
The Stranded,tt9310400,6.2,1241,2019
Who Killed Malcolm X,tt10948316,7.5,2125,2019
Pandemic How to Prevent an Outbreak,tt11497904,6.3,2759,2020
Luna Nera,tt8403622,6,2883,2020
Reality Z,tt10241238,5.6,2437,2020
The Least Expected Day Inside the Movistar Team 2019,tt12048124,7.4,756,2020
Rookie Historian Goo HaeRyung,tt10406128,8.2,1937,2019
Delhi Crime,tt9398466,8.5,18732,2019
The Surgeons Cut,tt13487106,8.5,1010,2020
Can You Hear Me,tt9747016,7.6,688,2019
BREAK IT ALL The History of Rock in Latin America,tt13570366,7.6,1215,2020
Terrace House Tokyo 20192020,tt10686814,7.4,691,2019
Queen Sono,tt9426290,5.9,1226,2020
The Goop Lab,tt11561206,2.5,3306,2020
The Great Heist,tt12624844,7.3,2528,2020
Pup Academy,tt10302548,6.6,498,2019
The Kings Avatar,tt10732794,8.2,1042,2019
Worlds Most Wanted,tt12753698,7.1,2481,2020
Street Food,tt10050778,7.9,2712,2019
Home Game,tt12429046,7,841,2020
The Unlisted,tt9184592,6.7,899,2019
45 RPM,tt8987918,7.2,497,2019
Trailer Park Boys The Animated Series,tt9814900,7.6,2854,2019
El Dragon Return of a Warrior,tt9281190,6.8,1853,2019
Malibu Rescue The Series,tt9098432,5.4,979,2019
Private Lives,tt12560270,6.7,595,2020
Win the Wilderness Alaska,tt11718294,6.9,724,2020
7SEEDS,tt9348718,6.3,1378,2019
Jamtara Sabka Number Ayega,tt11150912,7.3,6165,2020
Hyena,tt11534164,7.7,765,2020
Stolen Away,tt10064124,7.1,2314,2020
Search WWW,tt10253244,7.9,1308,2019
Hook,tt12659696,6.5,25,2020
I Hear You,tt10327440,7.3,560,2019
Leila,tt7259274,4.7,8796,2019
Merry Happy Whatever,tt9777322,6.4,4542,2019
WellIntended Love,tt9886950,7.2,1433,2019
The Neighbor,tt9731222,6.5,2125,2019
The Healing Powers of Dude,tt10540562,6.5,873,2020
Back with the Ex,tt11272424,6.2,615,2019
Triad Princess,tt9314996,6.8,658,2019
Last One Standing,tt11465292,7,18,2019
The Big Show Show,tt10726356,6.3,2375,2020
The Lies Within,tt10919902,7,365,2019
Go Live Your Way,tt9654086,6.7,606,2019
One Spring Night,tt10192576,7.9,2503,2019
Designated Survivor 60 Days,tt10340990,8.1,1201,2019
Cannon Busters,tt5066664,6.7,1172,2019
Million Dollar Beach House,tt12882136,4.2,804,2020
Absurd Planet,tt12027008,3.9,1459,2020
My Husband Wont Fit,tt10027946,6.7,798,2019
Whose Vote Counts Explained,tt13005714,7.3,1139,2020
When the Camellia Blooms,tt10826064,8,2371,2019
revisions,tt9522354,5.9,598,2019
The Prince of Tennis Match Tennis Juniors ,tt10097916,7.6,206,2019
Ultramarine Magmell,tt11025120,6,610,2019
Jailbirds,tt1176289,7,1160,2019
Trial 4,tt13363298,7.4,2039,2020
Restaurants on the Edge,tt8784324,6.7,972,2019
The Victims Game,tt12079212,7.3,1356,2020
Shaun the Sheep Adventures from Mossy Bottom,tt11983342,8.1,551,2020
Examination of Conscience,tt9584024,7.8,422,2019
Playing with Fire,tt9587732,5.9,944,2019
Mystery Lab,tt12723962,7.4,769,2020
Its Bruno,tt10186846,7.5,2886,2019
Shadow,tt9817236,6.6,956,2019
Rhythm plus Flow,tt9278032,7.6,1541,2019
The 43,tt9789272,7.1,140,2019
Secreto bien guardado,tt10702412,4.9,188,2019
Flinch,tt9196244,4.4,703,2019
The Unsettling,tt8680902,5.2,712,2019
Maradona in Mexico,tt11168104,7.3,1119,2019
Brews Brothers,tt10930958,5.1,1944,2020
The Circle Brazil,tt9581782,6.8,761,2020
Drifting Dragons,tt11418344,6,569,2020
The Idhun Chronicles,tt9731266,5.3,563,2020
Alien TV,tt12765530,6.3,293,2020
Was It Love,tt12525622,7.1,870,2020
Tiny Creatures,tt12759334,5,1210,2020
Legend of Exorcism,tt14994658,7.7,80,2020
The Business of Drugs,tt12588416,7.2,1646,2020
Social Distance,tt14773740,5.7,651,2020
The Ghost Bride,tt9690302,6.3,716,2020
Puerta 7,tt9170386,5.6,542,2020
Singapore Social,tt11194508,4.9,3670,2019
Huge in France,tt8009602,6.8,2809,2019
Room 2806 The Accusation,tt13540900,7,2298,2020
Bolavar Una lucha admirable,tt9327242,7.3,743,2019
Nowhere Man,tt10895588,5.6,360,2019
Monzan A Knockout Blow,tt9852660,7.9,717,2019
A Perfect Crime,tt12939836,7.3,1394,2020
Felipe Esparza Bad Decisions,tt12875768,5.4,166,2020
Crime Diaries The Candidate,tt9327348,7.5,803,2019
Best Leftovers Ever,tt13563634,5.6,515,2020
Betaal,tt10651790,5.4,8884,2020
Dating Around,tt9654080,6.3,1204,2019
Good Morning Veronica,tt12987918,7.6,3552,2020
Mismatched,tt12719250,5.5,3712,2020
Rilakkuma and Kaoru,tt9348716,8.3,1579,2019
Hello Ninja,tt10687170,6.7,119,2019
Stay Tuned,tt10088086,7.5,343,2019
Happy Jail,tt10753590,6.9,247,2019
Say I Do,tt12540060,7.7,527,2020
Sintonia,tt8165086,6.7,1067,2019
The Writer,tt10312958,8.2,30,2019
Bread Barbershop,tt12912830,7.3,125,2020
Korean Pork Belly Rhapsody,tt14017966,7.7,62,2020
Booba Food Puzzle,tt12319946,8.3,30,2020
COMEDIANS of the world,tt8685446,6.5,450,2019
The Queen and the Conqueror,tt10348700,6.6,172,2020
Skin Decision Before and After,tt12588326,5.8,405,2020
The Fabulous Lives of Bollywood Wives,tt13452100,5.3,9666,2020
El Final del Paraiso,tt10367818,5.1,208,2019
Typewriter,tt9310372,6.5,3788,2019
Southern Survival,tt12588286,5.1,454,2020
How To Ruin Christmas,tt13492362,6.1,488,2020
Trigger Warning with Killer Mike,tt9426194,6.9,1249,2019
Masaba Masaba,tt10655506,6.8,1746,2020
Until Dawn,tt11434862,2.5,148,2020
The Good Bandit,tt9328616,7.8,99,2019
Los Brice una familia todo terreno,tt10348478,8,133,2019
Three Days of Christmas,tt9731254,6.8,1243,2019
Astronomy Club The Sketch Show,tt10675488,6.9,591,2019
Dollar,tt10687564,6.6,592,2019
Styling Hollywood,tt10715202,6.6,355,2019
Narcoworld Dope Stories,tt11215112,6.6,317,2019
Sugar Rush Christmas,tt11168116,6.8,578,2019
Handsome Siblings,tt11541444,7.9,614,2020
Queer Eye Were in Japan,tt10971532,8.2,2560,2019
Bard of Blood,tt8069036,6.8,13210,2019
Find Yourself,tt11569628,7.6,201,2020
21 Again,tt9315008,5.4,47,2019
Archibalds Next Big Thing,tt9165404,7.5,284,2019
Prank Encounters,tt10487072,5.2,2615,2019
The Iliza Shlesinger Sketch Show,tt11092086,5,914,2020
Levius,tt10619444,6.9,528,2019
Go Go Cory Carson,tt8115702,7.9,238,2020
DeMarcus Family Rules,tt12759420,6.2,110,2020
My Dear Warrior,tt11281912,4.6,19,2019
Team Kaylie,tt9717424,4,333,2019
Tobot Galaxy Detectives,tt12892186,7,13,2020
Put Your Head on My Shoulder,tt10265158,8,2063,2019
Green Door,tt9817290,6.5,128,2019
GAME ON A Comedy Crossover Event,tt12800428,5.4,213,2020
The Underclass,tt12666950,6.4,62,2020
Cricket Fever Mumbai Indians,tt8531592,7.2,699,2019
The Unremarkable Juanquini,tt12189308,4.3,189,2020
Tijuana,tt8027624,6.9,327,2019
Juman,tt12567164,5.2,110,2019
YooHoo to the Rescue,tt9817288,6.8,53,2019
Sing On Germany,tt12748264,5.4,136,2020
Sing On,tt12923734,6.4,380,2020
Living Undocumented,tt10977486,6.7,577,2019
Paava Kadhaigal,tt13206988,8.1,6628,2020
The Devil Punisher,tt13317376,5.9,157,2020
Nailed It Mexico,tt9708588,6.2,308,2019
Country Ever After,tt12987872,6.3,169,2020
Mighty Little Bheem,tt10050752,6.4,249,2019
Rhyme Time Town,tt9165434,7.5,78,2020
Sakho and Mangane,tt9391692,6.5,131,2019
Coronavirus Explained,tt12189310,7.6,2223,2020
Hasmukh,tt9359294,5.3,2673,2020
A Little Thing Called First Love,tt11152058,8,366,2019
Tiffany Haddish Presents They Ready,tt10085386,6.5,555,2019
A Queen Is Born,tt12571792,5.9,148,2020
Sing On Spain,tt11698668,6,130,2020
Cooked With Cannabis,tt12176398,6.5,340,2020
Voices of Fire,tt13329282,6.8,382,2020
No hay tiempo para la vergenza,tt11215130,5.7,82,2019
Legend Quest Masters of Myth,tt10228032,7.6,126,2019
Badanamu Stories,tt14857600,3.4,6,2020
Hong Kong West Side Stories,tt10284430,5.7,6,2019
Charlies Colorforms City,tt8115672,7,148,2019
The Legend of White Snake,tt10628250,7.4,224,2019
Bangkok Love Stories Plead,tt10438656,7.3,57,2019
Dino Girl Gauko,tt10380814,6.6,71,2019
Bookmarks Celebrating Black Voices,tt12923664,5,160,2020
Arashis Diary Voyage,tt11434874,7.7,42,2019
Lugar de Mulher,tt11215186,4.7,35,2019
Mighty Little Bheem Festival of Colors,tt11738790,7.2,37,2020
A Thousand Goodnights,tt10370952,8,93,2019
Nailed It Germany,tt11460744,5.7,100,2020
Six Windows in the Desert,tt11874042,4.3,3074,2020
Scams,tt10448486,6.4,362,2019
Wait My Youth,tt12071466,8.1,121,2019
Nailed It France,tt10990804,6.4,112,2019
Bangkok Buddies,tt11513508,6.8,17,2019
Pinky Malinky,tt5621544,5.8,865,2019
The Charming Stepmom,tt13846404,7.8,17,2019
Once Upon a Time in Lingjian Mountain,tt11261994,7.5,261,2019
True Terrific Tales,tt12140808,5.7,22,2020
Somewhere Only We Know,tt10472296,7.3,158,2019
Anitta Made in Honorio,tt13486136,6.8,398,2020
In the Bosom of a Thorn,tt10397430,7.3,48,2019
Futmallscom,tt13652552,6.4,182,2020
Valentino,tt11508212,5.2,213,2020
JStyle Trip,tt11942052,4.9,111,2020
Online,tt11330500,5.5,21,2019
Sleepless Society NYCTOPHOBIA,tt10805822,5.5,43,2019
Holiday Home Makeover with Mr Christmas,tt13255112,5.8,291,2020
Buddi,tt11829340,7.1,61,2020
Ladies Up,tt11942100,4.3,234,2020
Kings of JoBurg,tt13453828,5.6,491,2020
The House Arrest of Us,tt13280838,5.6,107,2020
The Smart Money Woman,tt12428002,6.4,105,2020
Extreme Engagement,tt10521644,5.6,382,2019
Fary Hexagone,tt11823028,6.2,126,2020
True Tunes,tt10522374,8,14,2019
Children of Adam,tt12434912,7.8,170,2020
Word Party Songs,tt12748268,3.6,18,2020
The Defected,tt10141612,7.4,68,2019
Mighty Little Bheem Diwali,tt10987498,7.7,35,2019
A Perfect Day for Arsenide,tt14592684,5,16,2020
Anatomy of a Scandal,tt12748084,7,16425,2022
Heartstopper,tt10638036,8.9,28978,2022
The Pentaverate,tt10203880,6.1,3409,2022
Inventing Anna,tt8740976,6.8,54105,2022
Pieces of Her,tt9170236,6.4,11322,2022
Conversations with a Killer The John Wayne Gacy Tapes,tt18970124,7.2,3984,2022
Pacific Rim The Black,tt9288848,7,4796,2021
Vikings Valhalla,tt11311302,7.1,31330,2022
Arcane,tt11126994,9.1,175412,2021
Hold Tight,tt15019128,6.1,1113,2022
Bad Vegan Fame Fraud Fugitives,tt18260538,5.8,2062,2022
Midnight Mass,tt10574558,7.7,102321,2021
Murderville,tt15264192,6.9,10414,2022
Clark,tt12304420,7.5,1991,2022
The Ultimatum Marry or Move On,tt18396952,5.4,1440,2022
Hard Cell,tt14959710,6.1,618,2022
The Woman in the House Across the Street from the Girl in the Window,tt13315324,6.3,38964,2022
Archive 81,tt13365348,7.3,43068,2022
Jimmy Savile A British Horror Story,tt18970454,6.7,4711,2022
Squid Game,tt10919420,8,416738,2021
Yakamoz S245,tt13317454,6.1,3861,2022
Welcome To Eden,tt13457822,4.9,973,2022
Stay Close,tt2201227,6.9,28669,2021
Maid,tt11337908,8.4,74955,2021
The Marked Heart,tt18974572,6.3,1103,2022
Meltdown Three Mile Island,tt19757508,7,958,2022
Shadow and Bone,tt2403776,7.6,77782,2021
Lupin,tt2531336,7.5,100575,2021
Brand New Cherry Flavor,tt11343600,7.1,14449,2021
Human Resources,tt11092142,7.2,4761,2022
All of Us Are Dead,tt14169960,7.5,41393,2022
Heirs to the Land,tt13308276,7,599,2022
Behind Her Eyes,tt9698442,7.2,57514,2021
Is It Cake?,tt18314214,5.7,465,2022
The Andy Warhol Diaries,tt18082212,7.7,1496,2022
The Cuphead Show,tt10611608,7.5,5792,2022
Cowboy Bebop,tt1267295,6.6,35427,2021
The 7 Lives of Lea,tt14140886,7.5,1196,2022
The Silent Sea,tt11570202,6.9,18548,2021
Sweet Tooth,tt12809988,7.8,49182,2021
Clickbait,tt10888878,7.2,50140,2021
Worst Roommate Ever,tt8323702,8.1,8,2022
Hellbound,tt12235718,6.6,22107,2021
In from the Cold,tt11859542,6.2,6663,2022
Komi Cant Communicate,tt14626352,7.8,4358,2021
Tomorrow,tt18926162,7.7,603,2022
Ginny and Georgia,tt10813940,7.4,44573,2021
Inside Job,tt10231312,7.6,15137,2021
Dirty Lines,tt14859224,7.3,717,2022
Trivia Quest,tt18393972,5.6,176,2022
The Chair,tt11834150,7.2,15894,2021
Sex and Life,tt10839422,5.4,19604,2021
The Chestnut Man,tt10834220,7.7,41253,2021
My Liberation Notes,tt15146130,8.4,276,2022
jeenyuhs,tt14599438,8.1,7269,2022
True Story,tt13655456,7.5,16927,2021
Halston,tt10920514,7.5,14040,2021
Anxious People,tt11168604,6.8,3709,2021
Young Royals,tt14664414,8.3,26732,2021
Resident Evil Infinite Darkness,tt13173456,5.8,9500,2021
Our Blues,tt19115260,7.7,209,2022
The Serpent,tt7985576,7.6,41782,2021
Hit and Run,tt9073940,7.1,8367,2021
Murder Among the Mormons,tt13987620,7,6028,2021
Katla,tt11102190,7,13095,2021
The Last Bus,tt12885670,5,500,2022
Cracow Monsters,tt15096836,5.5,1492,2022
The Puppet Master Hunting the Ultimate Conman,tt15479704,7,5224,2022
Twenty Five Twenty One,tt17513352,8.7,4081,2022
Firefly Lane,tt9012876,7.4,20300,2021
The Billion Dollar Code,tt15392100,8,7313,2021
The Principles of Pleasure,tt18299058,4.7,64,2022
Attenboroughs Life in Colour,tt11053426,8.2,3090,2021
Making Fun,tt17737382,7,557,2022
The Irregulars,tt10893694,5.9,14714,2021
My Name,tt12940504,7.8,18446,2021
Turning Point 9 and 11 and the War on Terror,tt15260794,8,8881,2021
How to Become a Tyrant,tt14832996,7.4,8041,2021
Who Killed Sara,tt11937816,6.4,12148,2021
The Innocent,tt10147644,7.8,29019,2021
Masters of the Universe Revelation,tt10826054,5.2,26127,2021
Maya and the Three,tt8787772,8.1,3597,2021
Night Stalker The Hunt for a Serial Killer,tt13651632,7.5,23939,2021
The Girl from Oslo,tt13968792,6.3,2973,2021
Samurai Rabbit The Usagi Chronicles,tt12717354,6.6,148,2022
Vincenzo,tt13433812,8.4,15134,2021
The One,tt13879466,6.6,12367,2021
Feria The Darkest Light,tt13323004,5.7,1532,2022
Midnight at the Pera Palace,tt13317508,7.1,6624,2022
VOIR,tt15677070,6.8,1255,2021
Jupiters Legacy,tt5774002,6.7,37235,2021
Pretend Its a City,tt13660958,8.1,7096,2021
Crime Scene The Vanishing at the Cecil Hotel,tt13840586,5.9,16799,2021
Super Crooks,tt14272628,7.1,1984,2021
Life After Death with Tyler Henry,tt18224644,5.5,522,2022
Catching Killers,tt15723914,7.1,2908,2021
Animal,tt15674216,7.9,857,2021
Hometown ChaChaCha,tt14518756,8.5,9987,2021
Green Mothers Club,tt15060900,7.1,38,2022
Chosen,tt16492950,4.3,1111,2022
An astrological guide for broken hearts,tt14759406,7.1,2827,2021
Sophie A Murder in West Cork,tt14681732,6.8,5093,2021
Standing Up,tt18260550,6.2,133,2022
Who Rules The World,tt14950036,9.2,81,2022
Monsters Inside The 24 Faces of Billy Milligan,tt15287836,6.2,3038,2021
Countdown Inspiration4 Mission to Space,tt15166116,7.9,1642,2021
Gl√≥ria,tt13064634,8,3941,2021
This Is a Robbery The Worlds Biggest Art Heist,tt14223858,6.5,4246,2021
Heist,tt14865290,6.8,1698,2021
History of Swear Words,tt13617060,6.4,4776,2021
Trese,tt9310336,7,3701,2021
The Sound of Magic,tt14460684,8,982,2022
Hes Expecting,tt14719276,1.6,2735,2022
HeMan and the Masters of the Universe,tt11465278,5.8,1618,2021
Colin in Black and White,tt12624928,5.4,7021,2021
The Sons of Sam A Descent Into Darkness,tt13156316,7,8124,2021
Crime Scene The Times Square Killer,tt16027926,6.5,3355,2021
Gone for Good,tt14252964,6.3,3863,2021
HighRise Invasion,tt13357164,6.6,2575,2021
Record of Ragnarok,tt13676344,6.2,4647,2021
Money Explained,tt14492910,6.9,2143,2021
The Way of the Househusband,tt13357124,7.3,3724,2021
Fate The Winx Saga,tt8179402,6.8,37995,2021
Shaman King,tt12502782,7,1480,2021
Jaguar,tt11698590,5.7,1718,2021
Yasuke,tt9310330,6.2,4999,2021
Saturday Morning All Star Hits,tt15978256,7.6,846,2021
Post Mortem No One Dies in Skarnes,tt13053222,7.1,3229,2021
The Cook of Castamar,tt12626014,7.4,3637,2021
ThirtyNine,tt15309342,7.9,150,2022
Bulgasal Immortal Souls,tt14691616,7.4,1897,2021
Pretty Smart,tt14369056,5.7,4209,2021
My Unorthodox Life,tt14398500,5.5,1170,2021
On the Verge,tt5540990,6.5,2841,2021
Devotion a Story of Love and Desire,tt13956560,6.4,1262,2022
Baki Hanma,tt13357140,6.6,1483,2021
Juvenile Justice,tt15553922,8,2163,2022
City of Ghosts,tt15477516,6.1,10,2021
DOTA Dragons Blood,tt14069590,7.8,17429,2021
Blue Period,tt14115912,7.7,1712,2021
The Club,tt13317582,7.9,7810,2021
The Raincoat Killer Chasing a Predator in Korea,tt15488654,6.4,1864,2021
School of Chocolate,tt15172154,7.6,1572,2021
Falling Into Your Smile,tt11290960,8.4,2019,2021
Godzilla Singular Point,tt13229964,6.5,1612,2021
Snabba Cash,tt10540276,7.6,8176,2021
Cocaine Cowboys The Kings of Miami,tt15049206,7.1,2624,2021
Wild Abandon,tt13317478,7.2,3634,2022
The Upshaws,tt10945036,6.8,2296,2021
Love ft Marriage and Divorce,tt13814840,6.6,433,2021
Neymar The Perfect Chaos,tt16428640,6.6,2907,2022
Nevertheless,tt14518284,7.2,4485,2021
Eden,tt10545250,6.6,1111,2021
Tribes of Europa,tt9184982,6.7,11794,2021
QForce,tt10140028,6.4,4963,2021
Bad Sport,tt15402912,7.3,1912,2021
Age of Samurai Battle for Japan,tt10551256,7.4,4022,2021
Bling Empire,tt13660962,5.8,2608,2021
Surviving Death,tt13649692,6.1,1991,2021
Dig Deeper The Disappearance of Birgit Meier,tt15771888,7.3,1622,2021
The Journalist,tt15101670,7,542,2022
Baking Impossible,tt15171996,7,1004,2021
Beyond Evil,tt13634872,8.1,2776,2021
Centaurworld,tt10919290,7.6,1939,2021
Power Rangers Dino Fury,tt12360292,7,479,2021
House of Secrets The Burari Deaths,tt14167390,7.4,9504,2021
Open Your Eyes,tt13495314,6.5,1413,2021
Tiger King The Doc Antle Story,tt16307970,6.2,1330,2021
Tear Along the Dotted Line,tt15614372,8.7,7595,2021
Feels Like Ishq,tt14163838,6.4,1514,2021
Octonauts Above and Beyond,tt15211330,7.4,66,2021
The Crew,tt10971022,6.5,5396,2021
The Unlikely Murderer,tt13735930,7,3954,2021
Byron Baes,tt14537060,2.6,445,2022
The Kingdom,tt15068148,6.5,1319,2021
Spycraft,tt13789092,6.7,1976,2021
Sex Love and Goop,tt15470160,4.8,713,2021
Thomas and Friends All Engines Go,tt14556544,1.7,509,2021
Sparking Joy with Marie Kondo,tt14550060,6.2,341,2021
Elite Short Stories Guzman Caye Rebe,tt14668192,7.4,2254,2021
Elite Short Stories Patrick,tt16306836,6.1,671,2021
Top Secret UFO Projects Declassified,tt14992232,5.5,1371,2021
Getting Curious with Jonathan Van Ness,tt16584084,7,494,2022
The Orbital Children,tt13351614,6.4,497,2022
Move to Heaven,tt11052470,8.6,5307,2021
Gabbys Dollhouse,tt9165438,7.2,344,2021
Fatma,tt11961378,7.4,8185,2021
Singles Inferno,tt16283666,7.2,1460,2021
Inspector Koo,tt14731794,6.9,534,2021
Last Chance U Basketball,tt13087512,8.3,2429,2021
Waffles + Mochi,tt14035218,7.5,463,2021
Sisyphus,tt13715448,7,3688,2021
Love is Blind Japan,tt15943826,7.1,394,2022
Back to 15,tt15301854,6.6,574,2022
Battle Kitty,tt10050740,7.4,60,2022
Misfit The Series,tt15517928,7.2,72,2021
Once Upon a Time Happily Never After,tt13560186,5.4,437,2022
Aranyak,tt14167344,7.9,7629,2021
Ganglands,tt13278100,7,2460,2021
Elite Short Stories Nadia Guzman,tt14671790,6.3,1851,2021
Swap Shop,tt15674202,6.7,325,2021
Headspace Guide to Meditation,tt13617024,8.4,1540,2021
Twenty Somethings Austin,tt15204216,6,427,2021
The Parisian Agency Exclusive Properties,tt14746934,7.4,593,2021
Penguin Town,tt14677850,7.9,824,2021
Kitz,tt12104930,5.7,2302,2021
This Is Pop,tt14155414,6.9,1076,2021
Elite Short Stories Phillipe Caye Felipe,tt16156744,6.2,655,2021
Luna Park,tt15349110,6.4,691,2021
Forecasting Love and Weather,tt15140592,7.2,1016,2022
Amend The Fight for America,tt13972246,7.8,1281,2021
Go Dog Go,tt10687202,7.2,179,2021
Selling Tampa,tt16227948,4.4,708,2021
Elves,tt13231962,5.5,4075,2021
Light the Night,tt15808044,7.4,968,2021
800 Meters,tt13323170,6.9,459,2022
Action Pack,tt15527308,6.5,66,2022
Finding Ola,tt12432642,7.6,1431,2022
Pui Pui Molcar,tt14202738,8.1,335,2021
Generation 56K,tt13524842,7.4,2317,2021
Elite Short Stories Samuel Omar,tt16259804,6.1,620,2021
Call My Agent Bollywood,tt13282662,7.4,6162,2021
Elite Short Stories Omar Ander Alexis,tt14676004,7.3,1903,2021
Young Famous and African,tt15302054,4.6,354,2022
Elite Short Stories Carla Samuel,tt14675560,6.9,2609,2021
Kid Cosmic,tt9248538,7.9,1354,2021
Framed A Sicilian Murder Mystery,tt16745502,6.8,900,2022
AlRawabi School for Girls,tt10183912,7.4,5708,2021
Until Life Do Us Part,tt13053042,7.4,631,2021
50M2,tt11617848,6.9,5516,2021
Savage Rhythm,tt17076336,6.3,28,2022
Coming Out Colton,tt14527650,6.7,1087,2021
I Am Georgina,tt15494864,3.9,2729,2022
Angry Birds Summer Madness,tt12027896,6.3,436,2022
The Lost Pirate Kingdom,tt14057360,6.6,2702,2021
Sky Rojo,tt8690776,6.5,8569,2021
Johnny Hallyday Beyond Rock,tt18274456,7,94,2022
You Are My Spring,tt14169816,7.5,532,2021
Russell Howard Lubricant,tt16146342,7,791,2021
Chicago Party Aunt,tt15125616,5.3,1383,2021
Money Heist From Tokyo to Berlin,tt15384346,7.7,836,2021
Queer Eye Germany,tt16369694,7.5,788,2022
Love Never Lies,tt14540924,5.6,228,2021
Naomi Osaka,tt11898920,6.2,1287,2021
Sexify,tt14315542,6.5,4907,2021
Motel Makeover,tt15128558,4.8,688,2021
JAPAN SINKS People of Hope,tt15569106,6.7,404,2021
Invisible City,tt8878862,7.7,18,2021
The Time It Takes,tt13322938,7.1,1183,2021
Too Hot to Handle Brazil,tt14902484,5.4,443,2021
That Girl Lay Lay,tt14442054,3.4,232,2021
Alessandro Cattelan One Simple Question,tt15326678,6.5,157,2022
Sexy Beasts,tt14916746,4.6,1105,2021
Worn Stories,tt14177168,6.6,311,2021
WWII in Color Road to Victory,tt16477402,8.2,1362,2021
Everything Will Be Fine,tt15101964,6.2,335,2021
Fishbowl Wives,tt15410190,6.1,704,2022
Soil,tt14319674,7.2,478,2021
Why Are You Like This,tt8540808,6.5,1480,2021
Eternally Confused and Eager for Love,tt18274188,6.7,1302,2022
Blown Away Christmas,tt15665668,6.7,466,2021
The Motive,tt15529566,5.3,1383,2021
Love Life and Everything in Between,tt18253682,5.3,65,2022
Where Is Marta,tt15796898,6.8,1150,2021
Daughter from Another Mother,tt11937732,7.2,1766,2021
John of God The Crimes of a Spiritual Healer,tt15233856,6.5,777,2021
Insiders,tt15436028,4.2,609,2021
Too Hot to Handle Latino,tt15251764,5.2,260,2021
Pedal to Metal,tt15016440,7.5,51,2022
Midnight Asia Eat a Dance a Dream,tt16583602,6.6,474,2022
Dad Stop Embarrassing Me,tt13018090,4.1,1853,2021
Mine,tt14023192,7.8,1101,2021
Mad for Each Other,tt14596414,7.9,1518,2021
Cat People,tt14818454,6.3,266,2021
Law School,tt13885336,8.1,2024,2021
Love Is Blind Brazil,tt15018224,6.1,425,2021
Tattoo Redo,tt14956090,5.8,680,2021
Bake Squad,tt15078760,6.9,651,2021
Country Comfort,tt11717394,6.9,3301,2021
Secrets of Summer,tt12379170,5.9,110,2022
Adventure Beast,tt15478708,5.2,496,2021
Transformers BotBots,tt14202476,6.8,68,2022
Zero,tt10619486,5.6,1270,2021
Headspace Guide to Sleep,tt14318406,6.8,445,2021
Dealer,tt13702252,6.1,659,2021
A Tale Dark and Grimm,tt2386826,7.3,1193,2021
Ray,tt14160660,7.2,8668,2021
Your Life is a Joke,tt15663868,5.5,83,2021
Navillera,tt13885302,8.8,2024,2021
Coyotes,tt13847924,5.1,293,2021
Hype House,tt15257704,2.3,2860,2022
Hello Me,tt13670090,7.3,538,2021
Ridley Jones,tt13351440,4.7,223,2021
Myth and Mogul John DeLorean,tt14968268,6.8,1009,2021
Cooking With Paris,tt15036422,5.2,1055,2021
Dogs in Space,tt14906826,7.2,560,2021
Human The World Within,tt14574154,6.8,697,2021
Taarak Mehta Kka Chhota Chashmah,tt14438518,6.8,74,2021
Vendetta Truth Lies and The Mafia,tt14216574,6.7,232,2021
Ada Twist Scientist,tt13241650,6.4,131,2021
Crime Stories India Detectives,tt14178956,7.2,934,2021
The Worlds Most Amazing Vacation Rentals,tt14691382,6.7,1278,2021
The Hungry and the Hairy,tt16088530,7.5,218,2021
Somos,tt14719590,7.1,1108,2021
Racket Boys,tt14482414,1.8,27484,2021
Decoupled,tt14167338,8,6379,2021
Rebelde,tt14153686,6.2,2122,2022
Karmas World,tt13321232,6.2,134,2021
Fresh Fried and Crispy,tt14644428,6.2,603,2021
Remember You,tt15344082,7.4,65,2021
The Fastest,tt15779034,5.7,76,2021
Scaredy Cats,tt15387774,6.2,338,2021
We the People,tt14770480,3.4,674,2021
My Love Six Stories of True Love,tt14267526,7.5,281,2021
The War Nextdoor,tt14821886,5.6,373,2021
Marriage or Mortgage,tt14037542,5.1,433,2021
The Future Diary,tt15567380,7.9,97,2021
Race Bubba Wallace,tt14513646,5.9,402,2022
The Wedding Coach,tt14210424,4.9,85,2021
Haunted Latin America,tt14164238,5.3,572,2021
Pet Stars,tt14318392,4.9,117,2021
MaveriX,tt15373864,8.4,31,2022
The Rational Life,tt14376958,8.1,445,2021
Elize Matsunaga Once Upon a Crime,tt14856998,5.9,2088,2021
Nevenka Breaking The Silence,tt14091172,6.9,658,2021
Hei$t The Great Robbery of Brazils Central Bank,tt18274172,6.3,193,2022
The New Adventures of Oggy,tt11194006,6.6,38,2021
Alma Matters Inside the IIT Dream,tt14512938,8.3,2323,2021
Jiva,tt12564616,5.5,263,2021
I Heart Arlo,tt13573450,7,204,2021
Canine Intervention,tt13932598,6.5,886,2021
Reasonable Doubt A Tale of Two Kidnappings,tt15796900,7.6,179,2021
Under Suspicion Uncovering the Wesphael Case,tt14078186,6.3,727,2021
Titletown High,tt15192032,5.4,318,2021
Magic for Humans Spain,tt14136320,6,77,2021
Lets Fight Ghost,tt14168868,7.5,98,2021
The Snitch Cartel Origins,tt14417802,5.6,182,2021
How to Be A Cowboy,tt13438900,6.8,145,2021
Stories of a Generation  with Pope Francis,tt13784364,7.4,202,2021
The Family That Sings Together The Camargos,tt16247236,5.4,41,2021
Bangkok Breaking,tt14202282,5.9,281,2021
Kayko and Kokosh,tt13979288,6.3,314,2021
The Ingenuity of the Househusband,tt15170710,6.7,396,2021
Juanpis Gonza°lez  The Series,tt14494894,6.8,339,2022
Lets Eat,tt15978704,8.2,5,2021
Jailbirds New Orleans,tt15320436,6.6,205,2021
Bombay Begums,tt10238792,5.3,4841,2021
Team Zenko Go,tt18274176,7.2,21,2022
The Big Shot Game Show,tt17052496,6.2,24,2022
We Are The Brooklyn Saints,tt13656220,6.5,156,2021
Word Party Presents Math,tt16290860,7.5,13,2021
Creators File GOLD,tt14611486,6.6,23,2021
Summer Heat,tt14655298,5.5,265,2022
Newtons Cradle,tt11703922,8,1565,2021
Navarasa,tt13357946,5.9,3470,2021
I Need Romance,tt16077338,7.8,24,2021
The Five Juanas,tt15377930,6.9,1728,2021
Abla Fahita Drama Queen,tt11570224,6.6,433,2021
Lava Ka Dhaava,tt14492912,6,41,2021
Christmas Flow,tt15340790,5.8,702,2021
Korean Cold Noodle Rhapsody,tt15772846,7.3,15,2021
Pitta Kathalu,tt13879000,5.1,727,2021
The Big Day,tt13887518,4.6,327,2021
